company_domain,company_name,company_category,parent_company_domain,parent_company_name,company_logo_url,parent_company_logo_url,apple_app_ads_direct_installs_d30,apple_app_ads_reseller_installs_d30,apple_publisher_installs_d30,apple_sdk_installs_d30,google_api_call_installs_d30,google_app_ads_direct_installs_d30,google_app_ads_reseller_installs_d30,google_publisher_installs_d30,google_sdk_installs_d30,installs_d30,apple_installs_d30,google_installs_d30,trends_period,apple_app_ads_direct_pct_market_share,apple_sdk_pct_market_share,google_api_call_pct_market_share,google_app_ads_direct_pct_market_share,google_sdk_pct_market_share,apple_app_ads_direct_pct_market_share_change,apple_sdk_pct_market_share_change,google_api_call_pct_market_share_change,google_app_ads_direct_pct_market_share_change,google_sdk_pct_market_share_change,apple_app_ads_direct_total_apps,apple_sdk_total_apps,google_api_call_total_apps,google_app_ads_direct_total_apps,google_sdk_total_apps,apple_app_ads_direct_apps_added,apple_sdk_apps_added,google_api_call_apps_added,google_app_ads_direct_apps_added,google_sdk_apps_added,apple_app_ads_direct_apps_lost,apple_sdk_apps_lost,google_api_call_apps_lost,google_app_ads_direct_apps_lost,google_sdk_apps_lost
google.com,Google,Ad Networks,google.com,Google,company-logos/google.com/logo_200x200.jpeg,company-logos/google.com/logo_200x200.jpeg,871287089.0,698296046.0,127155508.0,1707667513.0,12676221009.0,8784563311.0,7251502115.0,7056151429.0,18272596164.0,57445440184.0,3404406156.0,54041034028.0,2026-Q3,96.49232531575986,80.39082342879811,48.92080841260728,94.43348705390684,98.15980372654334,0.45635125220911765,-0.035051360952012715,-2.256476695772539,-0.00413904348073924,0.01381833084851792,586270.0,156041.0,134633.0,1522078.0,370087.0,99345.0,4185.0,9954.0,334977.0,16482.0,62547.0,341.0,0.0,15003.0,3876.0
facebook.com,Facebook,Ad Networks,facebook.com,Facebook,company-logos/facebook.com/logo_200x200.jpeg,company-logos/facebook.com/logo_200x200.jpeg,517850965.0,403596651.0,147286705.0,1363811988.0,3886860049.0,5976960409.0,3265169082.0,468080868.0,8334966477.0,24364583194.0,2432546309.0,21932036885.0,2026-Q3,31.09802462877439,47.69014389267554,34.170039897385955,27.868425281316096,53.1792321464094,-5.971343932263268,0.22762859277864347,-1.1826199658920962,-4.765672569436783,0.19776768564683517,188946.0,92568.0,94038.0,449183.0,200499.0,16284.0,2757.0,7899.0,84134.0,9813.0,16530.0,240.0,0.0,7443.0,2628.0
firebase.google.com,Firebase,Analytics: Product,google.com,Google,company-logos/firebase.google.com/logo_200x200.png,company-logos/google.com/logo_200x200.jpeg,,,,1395969310.0,19582504421.0,,,,15072886626.0,36051360357.0,1395969310.0,34655391047.0,2026-Q3,,62.1582355759571,95.39613975613757,,93.62164312711359,,-0.0674764568604339,-0.11668837574030438,,-0.04135538538801292,,80434.0,87235.0,,235318.0,,2182.0,8170.0,,10464.0,,226.0,0.0,,2574.0
unity.com,Unity,Ad Networks,unity.com,Unity,company-logos/unity.com/logo_200x200.jpeg,company-logos/unity.com/logo_200x200.jpeg,607911618.0,644682985.0,9003.0,585208767.0,1740320091.0,5551929503.0,7036550108.0,40853.0,5038334541.0,21204987469.0,1837812373.0,19367175096.0,2026-Q3,32.95785589434841,26.84863191192305,5.157591040893004,21.718713065338793,33.04051455473775,-5.7496104427598285,-0.3229332347726045,-5.81356286087719,-5.8109651033897105,0.6982322635410676,200246.0,52114.0,14194.0,350062.0,124571.0,17027.0,1270.0,553.0,63569.0,6653.0,16816.0,133.0,0.0,7023.0,1592.0
applovin.com,AppLovin,Ad Networks,applovin.com,AppLovin,company-logos/applovin.com/logo_200x200.jpeg,company-logos/applovin.com/logo_200x200.jpeg,587897917.0,47003500.0,201.0,663167665.0,2022306345.0,5827277086.0,318869492.0,7127.0,6040430686.0,15506960019.0,1298069283.0,14208890736.0,2026-Q3,30.802755842009805,20.47830275678377,12.142177132766001,22.412223856696773,29.473377097009486,-8.11760536862592,0.2488667417256141,-6.0822995345875555,-10.563084181390355,1.0122375717476844,187152.0,39749.0,33416.0,361240.0,111122.0,11760.0,1213.0,1210.0,49755.0,6335.0,16381.0,124.0,0.0,7497.0,1489.0
kotlinlang.org,Kotlin,Development Tools,kotlinlang.org,Kotlin,company-logos/kotlinlang.org/logo_200x200.png,company-logos/kotlinlang.org/logo_200x200.png,,,,,,,,,17862467730.0,17862467730.0,,17862467730.0,2026-Q3,,,,,86.69663815396858,,,,,0.02780133908085721,,,,,326868.0,,,,,15174.0,,,,,3996.0
liftoff.io,LiftOff,Ad Networks,liftoff.io,LiftOff,company-logos/liftoff.io/logo_200x200.jpeg,company-logos/liftoff.io/logo_200x200.jpeg,583069528.0,339225988.0,0.0,322517398.0,1252292423.0,5584106897.0,3770969289.0,,4680800418.0,16532981941.0,1244812914.0,15288169027.0,2026-Q3,9.161561731585202,7.233273056057866,2.2572182292537226,6.546784059302679,7.080697566474371,-4.62208668660085,0.24407529468595876,-6.87460770902016,-2.7281557135232957,1.3567976706488452,55664.0,4680.0,6212.0,105521.0,26696.0,5052.0,148.0,174.0,22010.0,1685.0,4336.0,20.0,0.0,2161.0,434.0
vungle.com,Vungle,Ad Networks,liftoff.io,LiftOff,company-logos/vungle.com/logo_200x200.jpeg,company-logos/liftoff.io/logo_200x200.jpeg,582819651.0,138484824.0,0.0,322517398.0,1249328898.0,5581943215.0,1340389743.0,,4680574732.0,13896058461.0,1043821873.0,12852236588.0,2026-Q3,26.8406318982846,7.233273056057866,6.532398060524268,19.264388387155588,21.184802068828326,-4.538889418097959,0.24407529468595876,-6.962273075985767,-2.7077457858620884,1.3862589766453557,108824.0,9360.0,12004.0,207102.0,53248.0,9948.0,296.0,326.0,43286.0,3370.0,8476.0,40.0,0.0,4306.0,860.0
square.com,Square,Business Tools,square.com,Square,company-logos/square.com/logo_200x200.jpeg,company-logos/square.com/logo_200x200.jpeg,,,3573017.0,3913988.0,27752.0,,,1404850.0,10967808334.0,10976727941.0,7487005.0,10969240936.0,2026-Q3,,0.062338037021581326,0.0010935535021050905,,73.25906770108082,,-0.018769521022268157,-9.471266881732179,,0.10906310039194182,,121.0,1.0,,276205.0,,3.0,0.0,,13237.0,,0.0,0.0,,3575.0
inmobi.com,InMobi,Ad Networks,inmobi.com,InMobi,company-logos/inmobi.com/logo_200x200.jpeg,company-logos/inmobi.com/logo_200x200.jpeg,593596818.0,686772946.0,14316.0,396090989.0,971065202.0,5625293903.0,7259312607.0,26486511.0,3324399467.0,18883032759.0,1676475069.0,17206557690.0,2026-Q3,25.778084275044357,9.647455217075471,3.75064497140324,17.61596824417933,14.140972084079307,-6.904562408110225,0.5634025725720619,-6.5216940934148635,-6.64046566743737,1.202669963069488,156623.0,18726.0,10322.0,283934.0,53315.0,11454.0,654.0,327.0,49743.0,3300.0,13230.0,84.0,0.0,5994.0,879.0
mobvista.com,Mobvista,Ad Networks,mobvista.com,Mobvista,company-logos/mobvista.com/logo_200x200.jpeg,company-logos/mobvista.com/logo_200x200.jpeg,499977969.0,648711873.0,0.0,247043481.0,1273550864.0,5091371903.0,7180427997.0,,4388650546.0,19329734633.0,1395733323.0,17934001310.0,2026-Q3,22.858754211252762,2.06900460065017,7.3902345672262015,5.56713337084835,6.862940123333996,-6.8602093932124655,-1.590986253820579,-6.66770733588805,-7.15772316554941,1.4533572767689964,46206.0,4016.0,6758.0,89731.0,25875.0,3222.0,108.0,203.0,15530.0,1615.0,3705.0,71.0,0.0,2127.0,379.0
admob.com,AdMob,Ad Networks,google.com,Google,company-logos/admob.com/logo_200x200.jpeg,company-logos/google.com/logo_200x200.jpeg,51.0,,,325560340.0,5510110.0,81.0,58.0,,7842685088.0,8173755728.0,325560391.0,7848195337.0,2026-Q3,0.0009865703116328972,15.226967125701302,0.013060442640168481,0.0009301884282699146,53.102844638949676,-5.8301372565946075,-0.11508566862153664,-9.488955763192397,97.45063257464065,0.5218352686319945,4.0,19704.0,24.0,10.0,133474.0,0.0,574.0,0.0,6.0,6868.0,0.0,104.0,0.0,0.0,1670.0
bytedance.com,ByteDance,Ad Networks,bytedance.com,ByteDance,company-logos/bytedance.com/logo_200x200.jpeg,company-logos/bytedance.com/logo_200x200.jpeg,437041192.0,547967282.0,4732048.0,288338857.0,1248787563.0,5421451224.0,5578523029.0,170343786.0,4845753508.0,18542938489.0,1278079379.0,17264859110.0,2026-Q3,7.117722381505706,2.7902711447015243,3.985378225765426,5.0516224417560744,19.928651946157416,-6.5919362301346345,0.41315183314069703,-5.0598069174740505,-6.325795411782846,2.144191552632942,43246.0,5416.0,10968.0,81422.0,75136.0,3328.0,184.0,511.0,14552.0,5183.0,3672.0,27.0,0.0,1775.0,1110.0
mintegral.com,Mintegral,Ad Networks,mobvista.com,Mobvista,company-logos/mintegral.com/logo_200x200.jpeg,company-logos/mobvista.com/logo_200x200.jpeg,497035553.0,634364923.0,,241497323.0,2487095569.0,4994999902.0,6445417887.0,,4267684458.0,19568095615.0,1372897799.0,18195197816.0,2026-Q3,22.493803105230057,5.730977882876617,4.028058184271962,16.011333415810043,19.55997612890392,-6.724031950403238,-1.83580240530236,-6.729395873472114,-7.418375164944914,1.578179639264017,91200.0,7416.0,7402.0,172130.0,49164.0,6412.0,186.0,219.0,29446.0,3138.0,7286.0,136.0,0.0,4158.0,732.0
ironsrc.com,ironSource,Ad Networks,unity.com,Unity,company-logos/ironsrc.com/logo_200x200.jpeg,company-logos/unity.com/logo_200x200.jpeg,845038736.0,939295778.0,,250786986.0,50565563.0,6329834085.0,9069779188.0,,3729243310.0,21214543646.0,2035121500.0,19179422146.0,2026-Q3,22.69974965778342,5.522325775490333,0.6550385477609493,14.177094854104597,18.593992440819573,-6.208218972909611,-0.035603573369403715,-8.245835638168485,-8.697147742102814,1.671555405888366,92035.0,7146.0,599.0,152411.0,46736.0,6871.0,258.0,8.0,23932.0,3134.0,7242.0,82.0,0.0,3362.0,806.0
pangleglobal.com,Pangle,Ad Networks,bytedance.com,ByteDance,company-logos/pangleglobal.com/logo_200x200.jpeg,company-logos/bytedance.com/logo_200x200.jpeg,432711788.0,547967282.0,,277832880.0,771024417.0,5310201077.0,5578527741.0,,4429221540.0,17347486725.0,1258511950.0,16088974775.0,2026-Q3,21.129869649397577,8.052425773944762,3.6798075345836296,15.100027812634007,19.21623234533519,-6.701374566583318,0.2936386869309618,3.1592234822117136,-6.351062662734594,2.3362569207601878,85670.0,10420.0,3365.0,162333.0,48300.0,6425.0,340.0,412.0,28977.0,3412.0,7225.0,50.0,0.0,3550.0,708.0
jetbrains.com,JetBrains,Development Tools,jetbrains.com,JetBrains,company-logos/jetbrains.com/logo_200x200.jpeg,company-logos/jetbrains.com/logo_200x200.jpeg,,,0.0,,,,,742.0,7899515093.0,7899515835.0,0.0,7899515835.0,2026-Q3,,,,,61.01558252105298,,,,,0.2127848976208853,,,,,230044.0,,,,,11353.0,,,,,3076.0
github.com-nanopb,nanopb,Development Tools,github.com-nanopb,nanopb,company-logos/github.com-nanopb/logo_192x192.png,company-logos/github.com-nanopb/logo_192x192.png,,,,1321125988.0,,,,,,1321125988.0,1321125988.0,,2026-Q3,,57.11349129070648,,,,,-0.058123267753521564,,,,,110859.0,,,,,3042.0,,,,,336.0,,,
digitalturbine.com,Digital Turbine,Ad Networks,digitalturbine.com,Digital Turbine,company-logos/digitalturbine.com/logo_200x200.jpeg,company-logos/digitalturbine.com/logo_200x200.jpeg,504648423.0,605130617.0,0.0,249457674.0,802044519.0,4210789346.0,6011036680.0,141101.0,3304173854.0,15687422214.0,1359236714.0,14328185500.0,2026-Q3,7.201167908200046,2.8428205643395517,1.1762098210068095,4.388016123598538,12.539486771434255,-6.684967809575372,-0.403923379473931,-6.208938511086974,-9.642261034263967,0.9458478333476161,43753.0,5518.0,3237.0,70726.0,47277.0,2823.0,162.0,113.0,10670.0,2836.0,3215.0,46.0,0.0,1760.0,804.0
intellij.org,JetBrains IntelliJ,Development Tools,jetbrains.com,JetBrains,company-logos/intellij.org/logo_200x200.jpeg,company-logos/jetbrains.com/logo_200x200.jpeg,,,,,,,,,5124599437.0,5124599437.0,,5124599437.0,2026-Q3,,,,,50.835090511239315,,,,,-0.0560421339496137,,,,,127774.0,,,,,5976.0,,,,,1710.0
verve.com,Verve Group,Ad Networks,verve.com,Verve Group,company-logos/verve.com/logo_200x200.jpeg,company-logos/verve.com/logo_200x200.jpeg,525079292.0,716343647.0,0.0,228569553.0,229428786.0,4820096162.0,7505366127.0,2.0,1547889661.0,15572773230.0,1469992492.0,14102780738.0,2026-Q3,12.669236415825353,4.455881671071545,0.257988561295902,8.166899222545739,2.6865592467343014,-7.0766178312051915,-0.4253293589980763,-68.73012436556377,-9.862519888062996,2.1220553241259497,76976.0,2883.0,710.0,131634.0,10129.0,4653.0,84.0,27.0,19403.0,898.0,5670.0,24.0,0.0,3101.0,351.0
fyber.com,Fyber,Ad Networks,digitalturbine.com,Digital Turbine,company-logos/fyber.com/logo_200x200.jpeg,company-logos/digitalturbine.com/logo_200x200.jpeg,492219391.0,111862626.0,,226815330.0,1143808589.0,4096779320.0,780918950.0,,2999331287.0,9851735493.0,830897347.0,9020838146.0,2026-Q3,17.171749559126393,4.530069087031112,2.2659867980692314,10.486200189572402,12.168689078973543,-6.847003723659874,-0.14695724830269502,-5.778002949483289,-9.12837431555669,1.144157579739642,69622.0,5862.0,4164.0,112732.0,30586.0,4488.0,186.0,164.0,17820.0,1864.0,5248.0,48.0,0.0,3068.0,492.0
airbnb.io,Airbnb Engineering,Development Tools,airbnb.io,Airbnb Engineering,company-logos/airbnb.io/logo_200x200.jpeg,company-logos/airbnb.io/logo_200x200.jpeg,,,,929804310.0,,,,,9870677464.0,10800481774.0,929804310.0,9870677464.0,2026-Q3,,20.064604874731458,,,25.103640342152378,,0.2912287871352614,,,-0.46510311286169037,,38946.0,,,94647.0,,1218.0,,,4542.0,,135.0,,,1758.0
magnite.com,Magnite,Ad Networks,magnite.com,Magnite,company-logos/magnite.com/logo_200x200.jpeg,company-logos/magnite.com/logo_200x200.jpeg,667640151.0,727416025.0,,,145719129.0,5677270541.0,7576562619.0,,5116333.0,14799724798.0,1395056176.0,13404668622.0,2026-Q3,17.110118469605748,,0.3528266098849589,12.334478430623173,0.019892580067634773,-7.229442017481445,,0.7934990082825036,-10.158027491557084,72.51271704225755,103958.0,,971.0,198807.0,75.0,6806.0,,99.0,27960.0,33.0,8353.0,,0.0,3912.0,0.0
github.com-bumptech,Bumptech,Development Tools,github.com-bumptech,Bumptech,company-logos/github.com-bumptech/logo_420x420.png,company-logos/github.com-bumptech/logo_420x420.png,,,,181702.0,,,,,10046929897.0,10047111599.0,181702.0,10046929897.0,2026-Q3,,0.04636713497472991,,,41.844440023871094,,4.466811067172738,,,-0.48431357391210006,,90.0,,,157764.0,,6.0,,,6888.0,,0.0,,,2277.0
themediagrid.com,themediagrid.com,,,,,,585200089.0,674875358.0,,,,5184065861.0,7224562268.0,,,13668703576.0,1260075447.0,12408628129.0,2026-Q3,23.732465028429772,,,17.31831329195639,,-6.977030874672368,,,-9.153946958799066,,48250.0,,,93225.0,,3226.0,,,14133.0,,3850.0,,,1974.0,
checkerframework.org,Checker Framework,Development Tools,checkerframework.org,Checker Framework,,,,,,,,,,,5070149832.0,5070149832.0,,5070149832.0,2026-Q3,,,,,40.351700815595784,,,,,0.0008235741727962034,,,,,152136.0,,,,,7635.0,,,,,2472.0
yandex.com,Yandex,Ad Networks,yandex.com,Yandex,company-logos/yandex.com/logo_200x200.jpeg,company-logos/yandex.com/logo_200x200.jpeg,274235889.0,581346968.0,4708253.0,97556196.0,1202075725.0,3373773096.0,5489399087.0,18818479.0,1980289892.0,13022203585.0,957847306.0,12064356279.0,2026-Q3,14.31757359500446,2.6166519837405913,6.188818557734933,11.047407275969274,8.289901200185664,-3.0940582224576407,-0.29907968938481955,-0.6326643067848118,-5.40648695312608,1.3376152452418064,86991.0,5079.0,17032.0,178062.0,31255.0,8611.0,164.0,1517.0,33064.0,2027.0,6138.0,52.0,0.0,3663.0,568.0
pubmatic.com,PubMatic,Ad Networks,pubmatic.com,PubMatic,company-logos/pubmatic.com/logo_200x200.jpeg,company-logos/pubmatic.com/logo_200x200.jpeg,594340193.0,735337669.0,0.0,149177752.0,286058441.0,4579461504.0,7586307699.0,1.0,740267510.0,14670950769.0,1478855614.0,13192095155.0,2026-Q3,21.044073063388975,1.9891500904159132,0.9189479880525862,13.456454557919443,2.2120549035209867,-8.362398657605434,0.6299386157882056,1.7410201812460617,-11.410038646103981,0.36165840485295225,127860.0,3861.0,2529.0,216891.0,8340.0,6894.0,165.0,279.0,28170.0,576.0,10401.0,45.0,0.0,4629.0,264.0
appodeal.com,Appodeal,Ad Networks,appodeal.com,Appodeal,company-logos/appodeal.com/logo_200x200.jpeg,company-logos/appodeal.com/logo_200x200.jpeg,396155632.0,638785365.0,18535.0,351710989.0,534568734.0,3428979651.0,7162507681.0,2.0,1979408365.0,14492134954.0,1386670521.0,13105464433.0,2026-Q3,6.178754472647313,7.339917466499744,0.78741015820876,4.206293712801658,6.707777998806446,-6.298199880556394,-0.7135958743185549,-6.148244166953205,-8.438573520254605,2.0975388148461427,37541.0,14247.0,2167.0,67797.0,25290.0,2936.0,424.0,77.0,10800.0,1760.0,3116.0,168.0,0.0,1480.0,400.0
smaato.com,Smaato,Ad Networks,verve.com,Verve Group,company-logos/smaato.com/logo_200x200.jpeg,company-logos/verve.com/logo_200x200.jpeg,455113153.0,692127718.0,0.0,100271021.0,205927547.0,4327182521.0,7297458391.0,2.0,909993180.0,13988073533.0,1247511892.0,12740561641.0,2026-Q3,18.93869698726091,2.381725166535293,0.6342610312209525,12.984128194848429,2.8780584841853987,-7.912087305275896,0.10068762883341725,-6.903075871284871,-10.60074279970876,-0.8152260506859337,76786.0,3082.0,580.0,139586.0,7234.0,4334.0,100.0,16.0,18974.0,400.0,6070.0,20.0,0.0,2706.0,212.0
onetag.com,onetag.com,,,,,,490267100.0,649230332.0,,,,4346752548.0,7200412266.0,,,12686662246.0,1139497432.0,11547164814.0,2026-Q3,22.074881460640995,,,15.656609753243062,,-7.926082289326245,,,-9.974917322220707,,44880.0,,,84280.0,,2725.0,,,12118.0,,3774.0,,,1794.0,
loopme.com,Loopme,Ad Networks,loopme.com,Loopme,company-logos/loopme.com/logo_200x200.jpeg,company-logos/loopme.com/logo_200x200.jpeg,387239974.0,698339988.0,0.0,137433115.0,256497575.0,3048794866.0,7419937403.0,,1610313897.0,13558556818.0,1223013077.0,12335543741.0,2026-Q3,12.192428347120224,2.755753388664781,0.3815323793812635,8.028234289759455,6.9767256813208665,-5.970776220716034,-0.7724300662570179,-7.365723233033335,-7.997049398946681,0.6238110827806652,74079.0,1783.0,1050.0,129399.0,8768.0,5423.0,68.0,24.0,20845.0,563.0,5519.0,37.0,0.0,2521.0,213.0
vk.com,VK,Ad Networks,vk.com,VK,company-logos/vk.com/logo_200x200.jpeg,company-logos/vk.com/logo_200x200.jpeg,154934645.0,546983738.0,84269.0,56376377.0,188314389.0,1722710180.0,4979979489.0,1062328.0,4825620217.0,12476065632.0,758379029.0,11717686603.0,2026-Q3,5.452432758047474,0.5254941963802723,0.6638663401233985,4.094245002013278,20.702871162389762,-6.433571409111533,-0.44804390795952403,-0.9140705479571241,-9.281271763025277,2.21586607507877,33128.0,1020.0,1827.0,65991.0,78055.0,2196.0,33.0,158.0,9896.0,5415.0,2403.0,12.0,0.0,1353.0,1132.0
appsflyer.com,AppsFlyer,Analytics: Attribution,appsflyer.com,AppsFlyer,company-logos/appsflyer.com/logo_200x200.jpeg,company-logos/appsflyer.com/logo_200x200.jpeg,,,3851.0,700921161.0,1896772403.0,,,4112.0,3573728460.0,6171429987.0,700925012.0,5470504975.0,2026-Q3,,15.39955590588502,8.068138049315786,,17.387971619919103,,0.4772444655681286,-3.2429360105451264,,0.05328784085047354,,29891.0,22204.0,,65557.0,,1023.0,1432.0,,3403.0,,138.0,0.0,,1145.0
bidmachine.io,BidMachine,Ad Networks,appodeal.com,Appodeal,company-logos/bidmachine.io/logo_200x200.jpeg,company-logos/appodeal.com/logo_200x200.jpeg,396100062.0,638784115.0,,173591695.0,832697254.0,3428560701.0,7162494738.0,,1979087073.0,14611315638.0,1208475872.0,13402839766.0,2026-Q3,14.35213160847957,2.9443130708953493,1.8589363357839803,9.344858988085218,6.735627610901133,-5.322500552217438,0.23852675522563516,-6.562185822624733,-9.141235572950022,2.14580113254029,58190.0,3810.0,3416.0,100462.0,16930.0,4728.0,130.0,107.0,15590.0,1182.0,4416.0,26.0,0.0,2456.0,264.0
chartboost.com,ChartBoost,Ad Networks,loopme.com,Loopme,company-logos/chartboost.com/logo_200x200.jpeg,company-logos/loopme.com/logo_200x200.jpeg,276309644.0,526757989.0,0.0,137433115.0,256497478.0,2162254517.0,4954669143.0,,1610313897.0,9924235783.0,940500748.0,8983735035.0,2026-Q3,13.643280839571334,2.755753388664781,1.1351701394746438,8.201657409741491,6.9767256813208665,-7.495735766546886,-0.7724300662570179,-7.357194171746483,-8.82152940519945,0.6238110827806652,55316.0,3566.0,2086.0,88172.0,17536.0,3486.0,136.0,48.0,13940.0,1126.0,4482.0,74.0,0.0,2144.0,426.0
opera.com,Opera,Ad Networks,opera.com,Opera,company-logos/opera.com/logo_200x200.jpeg,company-logos/opera.com/logo_200x200.jpeg,465027564.0,661875212.0,91601.0,,88565122.0,4181983204.0,7264019451.0,11186321.0,,12672748475.0,1126994377.0,11545754098.0,2026-Q3,19.430957467469412,,0.5821094016845563,13.953042531978245,,-7.223373526988692,,16.192394899708688,-9.120775079064867,,118059.0,,1602.0,224895.0,,7449.0,,354.0,34536.0,,9198.0,,0.0,5076.0,
amazon.com,Amazon,Ad Networks,amazon.com,Amazon,company-logos/amazon.com/logo_200x200.jpeg,company-logos/amazon.com/logo_200x200.jpeg,428681959.0,356862734.0,15375271.0,80161912.0,1225283686.0,3232126704.0,2561953934.0,72448927.0,1838886210.0,9811781337.0,881081876.0,8930699461.0,2026-Q3,14.09011458535638,2.200893340133846,3.146733719468325,8.210390997884973,6.988130760559645,-8.084300578392417,-1.0382349520002097,-5.557042965142696,-11.113498992083901,-2.4449874933532043,85609.0,4272.0,8660.0,132335.0,26347.0,4389.0,114.0,360.0,17505.0,953.0,6471.0,51.0,0.0,2748.0,697.0
nexxen.com,Nexxen,Ad Networks,nexxen.com,Nexxen,company-logos/nexxen.com/logo_200x200.jpeg,company-logos/nexxen.com/logo_200x200.jpeg,468082407.0,724484162.0,,,87764879.0,3836978102.0,7512051309.0,,,12629360859.0,1192566569.0,11436794290.0,2026-Q3,18.344983847588516,,0.3543113346820493,12.733908649869214,,-6.990218080125141,,11.103445190601384,-9.223084993439985,,74164.0,,648.0,136698.0,,5048.0,,120.0,20774.0,,5928.0,,0.0,2984.0,
bigo.sg,BIGO Ads,Ad Networks,joyy.com,Joyy,company-logos/bigo.sg/logo_200x200.jpeg,company-logos/joyy.com/logo_200x200.jpeg,307388987.0,556010058.0,185933.0,123350515.0,1798964068.0,3076948460.0,5796810594.0,5392735.0,1818007522.0,13483058872.0,986935493.0,12496123379.0,2026-Q3,12.065261626114516,2.2719896137617654,0.7041755323490838,8.346580766865944,7.1016510841456135,-2.089282541990164,0.08971004480515737,-6.3778647142853515,-1.9358761226406809,2.8164273523972208,48918.0,2940.0,1294.0,89730.0,17850.0,5556.0,96.0,43.0,19351.0,1426.0,3687.0,20.0,0.0,1889.0,348.0
joyy.com,Joyy,Ad Networks,joyy.com,Joyy,company-logos/joyy.com/logo_200x200.jpeg,company-logos/joyy.com/logo_200x200.jpeg,307388844.0,556010058.0,185933.0,123350515.0,429417182.0,3076848005.0,5796810594.0,5392735.0,1818007522.0,12113411388.0,986935350.0,11126476038.0,2026-Q3,12.104166975862904,2.2719896137617654,1.4095904642134616,8.362956173101717,7.1016510841456135,-2.1388645493324576,0.08971004480515737,-6.347081067859387,-1.9530081127985452,2.8164273523972208,24467.0,1470.0,1289.0,44888.0,8925.0,2781.0,48.0,43.0,9683.0,713.0,1844.0,10.0,0.0,946.0,174.0
media.net,Media.net,Ad Networks,media.net,Media.net,company-logos/media.net/logo_200x200.jpeg,company-logos/media.net/logo_200x200.jpeg,442631623.0,670091032.0,,,42887131.0,3435566009.0,7191609116.0,,32.0,11782784943.0,1112722655.0,10670062288.0,2026-Q3,17.026343769236085,,0.21147794742847176,12.00652190502662,0.0007957032027053908,-7.81647385906607,,4.525493111134394,-10.621227618224385,-3.392878456335793,103449.0,,582.0,193521.0,3.0,5949.0,,78.0,26514.0,0.0,8157.0,,0.0,3987.0,0.0
microsoft.com,Microsoft,Business Tools,microsoft.com,Microsoft,company-logos/microsoft.com/logo_200x200.jpeg,company-logos/microsoft.com/logo_200x200.jpeg,419814744.0,731842326.0,23402672.0,35173625.0,320811835.0,3017616489.0,7519078382.0,255835849.0,2269802166.0,14593378088.0,1210233367.0,13383144721.0,2026-Q3,4.583743428870506,0.18495334951031153,1.3687928315516378,2.6776912009499942,5.739672435514887,-8.321124793950254,-1.3990248969746153,-5.5987694678390385,-11.54432345541593,-3.806280301619944,27850.0,359.0,3767.0,43159.0,21640.0,1594.0,7.0,155.0,5498.0,1013.0,2345.0,3.0,0.0,872.0,1106.0
openx.com,OpenX,Ad Networks,openx.com,OpenX,company-logos/openx.com/logo_200x200.jpeg,company-logos/openx.com/logo_200x200.jpeg,590315761.0,729305714.0,,,46858298.0,4001126576.0,7512035720.0,,75776.0,12879717845.0,1319621475.0,11560096370.0,2026-Q3,17.124108350806967,,0.2985401060746897,11.401793896137173,0.003978516013526954,-7.0178682543367215,,13.368551106821636,-10.553138396098397,-3.392878456335783,104043.0,,546.0,183774.0,15.0,6639.0,,110.0,25344.0,0.0,7947.0,,0.0,3828.0,0.0
sovrn.com,Sovrn,Ad Networks,sovrn.com,Sovrn,company-logos/sovrn.com/logo_200x200.jpeg,company-logos/sovrn.com/logo_200x200.jpeg,587198915.0,1265404434.0,34.0,,36686267.0,4380141782.0,13400127079.0,,,19669558511.0,1852603383.0,17816955128.0,2026-Q3,13.10177062519956,,0.23511400295259444,8.732292301955765,,-7.9647029828783715,,-2.192574771720717,-9.584332411114518,,79604.0,,430.0,140747.0,,4783.0,,32.0,20799.0,,6613.0,,0.0,2989.0,
pubnative.net,PubNative,Ad Networks,verve.com,Verve Group,company-logos/pubnative.net/logo_200x200.jpeg,company-logos/verve.com/logo_200x200.jpeg,395939855.0,693734030.0,0.0,179586861.0,28902929.0,3471477433.0,7428146475.0,,1133579374.0,13331366957.0,1269260746.0,12062106211.0,2026-Q3,12.19795533302914,2.9273117880712816,0.10774865178138995,8.087058195378638,3.460513228565745,-6.186755059264818,-0.12468136804932627,-0.4378513395116611,-8.934203357792846,1.1664752211403073,49456.0,3788.0,198.0,86940.0,8698.0,3240.0,132.0,18.0,13208.0,592.0,3428.0,42.0,0.0,1670.0,200.0
equativ.com,Equativ,Ad Networks,equativ.com,Equativ,company-logos/equativ.com/logo_200x200.jpeg,company-logos/equativ.com/logo_200x200.jpeg,496398902.0,726263720.0,0.0,,51339472.0,3768273664.0,7470541792.0,,14308294.0,12527125844.0,1222662622.0,11304463222.0,2026-Q3,16.774761671539597,,0.2886981245557439,10.182059364916125,0.14083946687885418,-8.06116073551282,,2.134980953943163,-10.383287990644877,-6.560325064324776,33908.0,,264.0,54652.0,177.0,1909.0,,30.0,7568.0,0.0,2711.0,,0.0,1071.0,6.0
flutter.dev,Flutter,Development Tools,flutter.dev,Flutter,company-logos/flutter.dev/logo_200x200.jpeg,company-logos/flutter.dev/logo_200x200.jpeg,,,0.0,147756785.0,,,,,1112341207.0,1260097992.0,147756785.0,1112341207.0,2026-Q3,,13.733945379515,,,12.603143027650688,,0.33653089365416744,,,0.880814750138296,,26658.0,,,47517.0,,816.0,,,2478.0,,63.0,,,465.0
toponad.com,TopOn,Ad Networks,mobvista.com,Mobvista,company-logos/toponad.com/logo_200x200.jpeg,company-logos/mobvista.com/logo_200x200.jpeg,289150021.0,582311846.0,0.0,16901410.0,103793514.0,3218523187.0,6359907944.0,,453718103.0,11024306025.0,888363277.0,10135942748.0,2026-Q3,13.57175449197795,0.6738690282994081,0.21114382268272378,9.909855439416363,1.720310324249055,-6.661307239018923,1.2167325006384766,3.2890740114157295,-7.535821573749808,3.9644583262329567,55026.0,872.0,388.0,106536.0,4324.0,3718.0,40.0,48.0,17840.0,364.0,4208.0,8.0,0.0,2304.0,58.0
betweeenx.com,BetweenX,Ad Networks,betweeenx.com,BetweenX,,,463612333.0,618027394.0,,,118094.0,4202583837.0,7019325014.0,,,12303666672.0,1081639727.0,11222026945.0,2026-Q3,15.009622186932624,,0.020777516539996717,11.047269854754932,,-6.490682944796669,,-4.441892819606203,-7.808979988376254,,60680.0,,38.0,118592.0,,4222.0,,2.0,19670.0,,4614.0,,0.0,2654.0,
improvedigital.com,Improve Digital,Ad Networks,improvedigital.com,Improve Digital,company-logos/improvedigital.com/logo_200x200.jpeg,company-logos/improvedigital.com/logo_200x200.jpeg,377296659.0,701450667.0,,,18812744.0,2990803138.0,7334552003.0,,,11422915211.0,1078747326.0,10344167885.0,2026-Q3,15.50309258667966,,0.16512657881786866,9.421584204978412,,-7.726830448677391,,-0.22015546818658477,-8.917459011595081,,94194.0,,302.0,151857.0,,5583.0,,28.0,23178.0,,7500.0,,0.0,2991.0,
algorix.co,Algorix,Ad Networks,algorix.co,Algorix,company-logos/algorix.co/logo_200x200.jpeg,company-logos/algorix.co/logo_200x200.jpeg,399371275.0,656453252.0,,,,3457539580.0,7253183190.0,,,11766547297.0,1055824527.0,10710722770.0,2026-Q3,14.31164846884865,,,10.26362468273029,,-6.127447188348902,,,-7.178771315877709,,86955.0,,,165429.0,,6174.0,,,28404.0,,6432.0,,,3726.0,
admixer.com,Admixer,Ad Networks,admixer.com,Admixer,company-logos/admixer.com/logo_200x200.jpeg,company-logos/admixer.com/logo_200x200.jpeg,375516323.0,1405190029.0,,,214679.0,3492421735.0,15081947664.0,,32557.0,20355322987.0,1780706352.0,18574616635.0,2026-Q3,9.92820722141209,,0.010935535021050904,6.44981167006556,0.0007957032027053908,-6.88470316310595,,0.5874812425197887,-8.14562129809667,-3.392878456335793,60322.0,,20.0,103958.0,3.0,3968.0,,2.0,16822.0,0.0,4639.0,,0.0,2245.0,0.0
webeyemob.com,WebEye,Ad Networks,webeyemob.com,WebEye,company-logos/webeyemob.com/logo_200x200.jpeg,company-logos/webeyemob.com/logo_200x200.jpeg,373610738.0,620889993.0,,,,3340775118.0,6792616960.0,,1184625.0,11129077434.0,994500731.0,10134576703.0,2026-Q3,14.49631490070476,,,9.985550307451488,0.011935548040580864,-5.916218999618168,,,-7.785104053973643,3.507630225354529,88077.0,,,160947.0,45.0,6186.0,,,26967.0,3.0,6249.0,,,3858.0,0.0
criteo.com,Criteo,Ad Networks,criteo.com,Criteo,company-logos/criteo.com/logo_200x200.jpeg,company-logos/criteo.com/logo_200x200.jpeg,412911580.0,636515183.0,5205.0,792650.0,496581507.0,3491015911.0,6622426478.0,288943.0,63678546.0,11724216003.0,1050224618.0,10673991385.0,2026-Q3,14.606423495100248,0.003091142331648661,2.9893970334949094,9.080226504669627,0.23871096081161725,-7.766427920492965,-2.4976430039721156,14.337895934262235,-10.32345506377178,-7.1085369772459455,88746.0,6.0,8227.0,146355.0,900.0,4914.0,0.0,1714.0,21162.0,6.0,6759.0,0.0,0.0,3696.0,42.0
adjust.com,Adjust,Analytics: Attribution,applovin.com,AppLovin,company-logos/adjust.com/logo_200x200.jpeg,company-logos/applovin.com/logo_200x200.jpeg,,,0.0,335567304.0,1171308681.0,,,4180.0,2714218294.0,4221098459.0,335567304.0,3885531155.0,2026-Q3,,9.052410318233104,6.491039992163734,,14.030634573304157,,1.3796032177765605,-6.953741648139197,,1.3429337961467738,,11714.0,11928.0,,35266.0,,518.0,325.0,,2186.0,,70.0,0.0,,538.0
zmaticoo.com,zMaticoo,Ad Networks,zmaticoo.com,zMaticoo,company-logos/zmaticoo.com/logo_200x200.jpeg,company-logos/zmaticoo.com/logo_200x200.jpeg,373964541.0,645234498.0,,423966.0,180815427.0,3230921769.0,6978216990.0,,284456481.0,11694033672.0,1019623005.0,10674410667.0,2026-Q3,13.58088290963195,0.0015455711658243305,0.31285655109263605,9.580537027259602,0.6978317087726278,-5.322265720478595,-2.4976430039721156,7.4966479028750115,-6.918460585683828,8.066894890042757,82515.0,3.0,861.0,154419.0,2631.0,6270.0,0.0,136.0,26931.0,330.0,5811.0,0.0,0.0,3528.0,51.0
sharethrough.com,Sharethrough,Ad Networks,equativ.com,Equativ,company-logos/sharethrough.com/logo_200x200.jpeg,company-logos/equativ.com/logo_200x200.jpeg,422578482.0,700499710.0,,,26531095.0,3290860275.0,7289164476.0,,12101.0,11729646139.0,1123078192.0,10606567947.0,2026-Q3,14.672273674604448,,0.14257649882183926,8.28890908431321,0.007161328824348519,-7.795496825339063,,-3.6020585770585716,-9.463693173169574,-3.392878456335776,59488.0,,262.0,89110.0,18.0,3488.0,,16.0,13268.0,0.0,4756.0,,0.0,1894.0,0.0
start.io,Start.io,Ad Networks,start.io,Start.io,company-logos/start.io/logo_200x200.jpeg,company-logos/start.io/logo_200x200.jpeg,365543814.0,617775871.0,0.0,,33909118.0,2864433500.0,6491596875.0,,68205889.0,10441465067.0,983319685.0,9458145382.0,2026-Q3,12.42153322514492,,0.6911258133304171,9.240854473789845,1.1895762880445593,-6.128778617390278,,1.0850871567937377,-7.4051614981201554,-1.0091523593022689,75471.0,,1264.0,148944.0,4485.0,5535.0,,132.0,24861.0,219.0,5760.0,,0.0,2952.0,111.0
github.com-SDWebImage,SDWebImage,Development Tools,github.com-SDWebImage,SDWebImage,company-logos/github.com-SDWebImage/logo_420x420.png,company-logos/github.com-SDWebImage/logo_420x420.png,,,,539776744.0,,,,,,539776744.0,539776744.0,,2026-Q3,,22.58234030385929,,,,,0.3173676550217038,,,,,43833.0,,,,,1392.0,,,,,162.0,,,
triplelift.com,Triplelift,Ad Networks,triplelift.com,Triplelift,company-logos/triplelift.com/logo_200x200.jpeg,company-logos/triplelift.com/logo_200x200.jpeg,461400306.0,682935848.0,,,61186035.0,3121208417.0,7214013964.0,,,11540744570.0,1144336154.0,10396408416.0,2026-Q3,14.032673779012544,,0.20121384438733667,8.211569804919844,,-6.764220914605265,,14.877840646629497,-10.912831058123897,,85260.0,,368.0,132354.0,,5835.0,,78.0,18477.0,,6672.0,,0.0,3453.0,
ads.microsoft.com,Microsoft Ads,Ad Networks,microsoft.com,Microsoft,company-logos/ads.microsoft.com/logo_200x200.jpeg,company-logos/microsoft.com/logo_200x200.jpeg,595578528.0,1422168203.0,,,,4042171521.0,14807024856.0,,,20866943108.0,2017746731.0,18849196377.0,2026-Q3,13.77432137609641,,,8.03859539299634,,-8.36803336203696,,,-11.567939336054774,,27843.0,,,43147.0,,1591.0,,,5492.0,,2345.0,,,872.0,
thebrave.io,thebrave.io,,,,,,385734764.0,658858039.0,,,,2957853604.0,7232669047.0,10.0,,11235115464.0,1044592803.0,10190522661.0,2026-Q3,12.703877860192417,,,8.998463690523739,,-5.503254725510565,,,-7.109003930747983,,25828.0,,,48439.0,,1809.0,,,8383.0,,1735.0,,,1138.0,
vidoomy.com,Vidoomy,Ad Networks,vidoomy.com,Vidoomy,company-logos/vidoomy.com/logo_200x200.jpeg,company-logos/vidoomy.com/logo_200x200.jpeg,308232367.0,591034840.0,,,16658.0,3035424311.0,6030812297.0,,,9965520473.0,899267207.0,9066253266.0,2026-Q3,12.802222580655782,,0.0010900925125178957,8.03195683829063,,-7.567242002382472,,-9.483078130564014,-9.7173694766578,,77784.0,,3.0,129459.0,,4560.0,,0.0,19071.0,,6006.0,,0.0,2856.0,
reactivex.io,ReactiveX,Development Tools,reactivex.io,ReactiveX,company-logos/reactivex.io/logo_200x200.png,company-logos/reactivex.io/logo_200x200.png,,,,120628409.0,,,,,3193251899.0,3313880308.0,120628409.0,3193251899.0,2026-Q3,,4.003029319485016,,,15.786751541674956,,-1.1232949805355508,,,-2.155021112547957,,7770.0,,,59520.0,,189.0,,,2025.0,,81.0,,,1272.0
volcengine.com,Volcengine,Business Tools,bytedance.com,ByteDance,,company-logos/bytedance.com/logo_200x200.jpeg,,,,31640154.0,,,,,4633895642.0,4665535796.0,31640154.0,4633895642.0,2026-Q3,,0.49767391539543443,,,19.701611298985476,,1.276641782970904,,,2.191324365408874,,644.0,,,49520.0,,30.0,,,3430.0,,6.0,,,724.0
admanmedia.com,Admanmedia,Ad Networks,admanmedia.com,Admanmedia,company-logos/admanmedia.com/logo_200x200.jpeg,company-logos/admanmedia.com/logo_200x200.jpeg,346970754.0,679983047.0,,,11162127.0,3092964333.0,7128754306.0,,,11259834567.0,1026953801.0,10232880766.0,2026-Q3,12.264517382015926,,0.08502721597639587,7.940196016997157,,-7.2786212328483035,,0.8617129402286906,-7.570527186174049,,74517.0,,234.0,127980.0,,4962.0,,24.0,21435.0,,6111.0,,0.0,2805.0,
publicisgroupe.com,Publicis Groupe,Ad Networks,publicisgroupe.com,Publicis Groupe,company-logos/publicisgroupe.com/logo_200x200.jpeg,company-logos/publicisgroupe.com/logo_200x200.jpeg,352924931.0,682616109.0,0.0,9705791.0,48584739.0,2486924113.0,7282951663.0,0.0,36163799.0,10899871145.0,1045246831.0,9854624314.0,2026-Q3,12.203109772085268,0.24574581536606854,0.30510142708732024,7.32354848085135,0.15914064054107818,-7.240372524794926,-1.8805394786808076,-1.7217255253045867,-10.269382421234106,-1.9217040165845558,24667.0,159.0,279.0,39309.0,200.0,1491.0,4.0,22.0,5814.0,8.0,1851.0,3.0,0.0,1097.0,5.0
teads.tv,Teads,Ad Networks,teads.tv,Teads,company-logos/teads.tv/logo_200x200.jpeg,company-logos/teads.tv/logo_200x200.jpeg,400307814.0,793743439.0,,4003152.0,22709283.0,3817221155.0,7771994306.0,,4754166.0,12814733315.0,1198054405.0,11616678910.0,2026-Q3,11.74409380133052,0.1792862552356223,0.1744148020028633,6.897324045988365,0.19415158146011538,-7.31156939636434,1.8943550589120042,22.73480931448948,-10.304346528987713,-0.5395035584216542,71355.0,348.0,480.0,111171.0,732.0,4278.0,24.0,126.0,15880.0,27.0,5404.0,9.0,0.0,2592.0,6.0
github.com-openid,OpenID,Development Tools,github.com-openid,OpenID,company-logos/github.com-openid/logo_420x420.png,company-logos/github.com-openid/logo_420x420.png,,,,582397624.0,,,,,,582397624.0,582397624.0,,2026-Q3,,19.43401183907513,,,,,0.392616841471885,,,,,37722.0,,,,,1221.0,,,,,135.0,,,
indexexchange.com,Index Exchange,Ad Networks,indexexchange.com,Index Exchange,company-logos/indexexchange.com/logo_200x200.jpeg,company-logos/indexexchange.com/logo_200x200.jpeg,477715207.0,700996767.0,,,180994669.0,3255906227.0,7244031532.0,,,11859644402.0,1178711974.0,10680932428.0,2026-Q3,12.927143990440795,,0.9043687462409099,6.674343388970957,,-9.698158723037887,,64.9058640722632,-13.358980219886082,,78543.0,,1654.0,107577.0,,3633.0,,746.0,11640.0,,6981.0,,0.0,2121.0,
epsilon.com,Epsilon,Ad Networks,publicisgroupe.com,Publicis Groupe,company-logos/epsilon.com/logo_200x200.jpeg,company-logos/publicisgroupe.com/logo_200x200.jpeg,352924931.0,693512085.0,0.0,,56252861.0,2486937663.0,7304257565.0,,220205.0,10894105310.0,1046437016.0,9847668294.0,2026-Q3,12.203109772085268,,0.30510142708732024,7.32354848085135,0.007161328824348519,-7.240372524794926,,-1.7217255253045867,-10.269382421234106,-3.392878456335776,24667.0,,279.0,39309.0,18.0,1491.0,,22.0,5814.0,0.0,1851.0,,0.0,1097.0,0.0
smartadserver.com,SmartAdServer,Ad Networks,equativ.com,Equativ,company-logos/smartadserver.com/logo_200x200.jpeg,company-logos/equativ.com/logo_200x200.jpeg,398911849.0,724624277.0,,,39222971.0,2654184631.0,7459930883.0,,14296193.0,11291170804.0,1123536126.0,10167634678.0,2026-Q3,11.828484751322621,,0.2361763377430467,7.00264452570157,0.13367813805450565,-8.452966077835148,,2.296336455141924,-12.373752341886423,-6.724158509565605,47958.0,,434.0,75282.0,336.0,2518.0,,50.0,8906.0,0.0,3892.0,,0.0,1478.0,12.0
github.com-AlamoFire,Alamofire,Development Tools,github.com-AlamoFire,Alamofire,company-logos/github.com-AlamoFire/logo_200x200.png,company-logos/github.com-AlamoFire/logo_200x200.png,,,,347994398.0,,,,,,347994398.0,347994398.0,,2026-Q3,,18.172825767762475,,,,,-0.5178138181798337,,,,,35274.0,,,,,891.0,,,,,189.0,,,
adyoulike.com,adyoulike.com,,,,,,347261746.0,636460314.0,,,,2455208164.0,6807593539.0,,,10246523763.0,983722060.0,9262801703.0,2026-Q3,11.153520766521732,,,7.483331878142979,,-5.832136636324304,,,-8.548166091303521,,22676.0,,,40283.0,,1530.0,,,6512.0,,1544.0,,,1026.0,
revenuecat.com,RevenueCat,Business Tools,revenuecat.com,RevenueCat,company-logos/revenuecat.com/logo_200x200.jpeg,company-logos/revenuecat.com/logo_200x200.jpeg,,,11751.0,180993529.0,125298749.0,,,1879.0,386250385.0,692556293.0,181005280.0,511551013.0,2026-Q3,,12.874607811316672,2.757934056670276,,5.716331808235528,,1.5751167805042714,1.5555708779037922,,3.292984249097138,,24990.0,7590.0,,21552.0,,1068.0,825.0,,1608.0,,66.0,0.0,,213.0
tappx.com,Tappx,Ad Networks,tappx.com,Tappx,company-logos/tappx.com/logo_200x200.jpeg,company-logos/tappx.com/logo_200x200.jpeg,172596534.0,313751055.0,,923066.0,2426405.0,1776091874.0,2181928982.0,,14836022.0,4462553938.0,487270655.0,3975283283.0,2026-Q3,7.541698075321521,0.04636713497472991,0.042513607988197935,10.831871716014216,0.1734632981897752,-9.39048840658435,0.8645072372702154,-4.590271543026921,-7.634741735810792,-2.9476843478396346,45822.0,90.0,117.0,174588.0,654.0,3237.0,6.0,6.0,28143.0,27.0,5028.0,3.0,0.0,2832.0,24.0
apester.com,apester.com,,,,,,350232163.0,502823458.0,,,,2547103149.0,5269980639.0,,,8670139409.0,853055621.0,7817083788.0,2026-Q3,10.63558738465776,,,7.475158042960935,,-5.084839295094453,,,-4.864167181069561,,21623.0,,,40239.0,,1597.0,,,7765.0,,1440.0,,,939.0,
colossusssp.com,colossusssp.com,,,,,,302274929.0,494758926.0,,,196939.0,2556370259.0,4447395287.0,,,7800996340.0,797033855.0,7003962485.0,2026-Q3,10.871682373541622,,0.0075826508947528055,7.077798191724735,,-6.727694002552964,,-9.506477750335813,-7.1823390372225235,,22103.0,,7.0,38100.0,,1473.0,,0.0,6455.0,,1699.0,,0.0,782.0,
yabbi.me,yabbi.me,,,,,,300243391.0,403594921.0,,,,2413808272.0,3091924546.0,,,6209571130.0,703838312.0,5505732818.0,2026-Q3,10.703464693961871,,,7.153591936140055,,-6.015857910914337,,,-6.646130151479837,,21761.0,,,38508.0,,1605.0,,,6742.0,,1661.0,,,820.0,
smartyads.com,smartyads.com,,,,,,307439093.0,633414788.0,,,,2585654683.0,6823287523.0,,,10349796087.0,940853881.0,9408942206.0,2026-Q3,10.80773998071891,,,6.796915491832667,,-6.569136265056811,,,-9.653840700038051,,21973.0,,,36588.0,,1427.0,,,5740.0,,1614.0,,,1144.0,
sentry.io,Sentry.io,Development Tools,sentry.io,Sentry.io,company-logos/sentry.io/logo_200x200.jpeg,company-logos/sentry.io/logo_200x200.jpeg,,,0.0,347750447.0,287692851.0,,,,1015159446.0,1650602744.0,347750447.0,1302852297.0,2026-Q3,,9.282700421940929,3.0464452083166793,,7.415953849214244,,0.2738281024218144,-1.8756305982219663,,-0.7847523099779079,,18018.0,8384.0,,27960.0,,594.0,650.0,,1278.0,,96.0,0.0,,543.0
lunamedia.io,lunamedia.io,,,,,,326004676.0,633413313.0,,,,2272702574.0,6867679198.0,,,10099799761.0,959417989.0,9140381772.0,2026-Q3,10.220945560430481,,,7.096003551902924,,-6.072324663431513,,,-8.962166462651327,,20780.0,,,38198.0,,1399.0,,,6074.0,,1465.0,,,1022.0,
ogury.com,Ogury,Ad Networks,ogury.com,Ogury,company-logos/ogury.com/logo_200x200.jpeg,company-logos/ogury.com/logo_200x200.jpeg,252356240.0,550864432.0,,105654120.0,178806115.0,1605023744.0,4703006818.0,,555011924.0,7950723393.0,908874792.0,7041848601.0,2026-Q3,8.0127456047085,2.117432497179333,0.4789764339220296,4.3179081262614005,2.3218619454943306,-8.721302783067658,-0.16574806834215056,-6.702152692232241,-10.514111608285022,-0.2831338293554574,48684.0,4110.0,876.0,69596.0,8754.0,2739.0,132.0,26.0,9987.0,495.0,4271.0,36.0,0.0,1812.0,222.0
rtbhouse.com,RTB House,Ad Networks,rtbhouse.com,RTB House,company-logos/rtbhouse.com/logo_200x200.jpeg,company-logos/rtbhouse.com/logo_200x200.jpeg,327686894.0,416730350.0,0.0,,100140609.0,2313962751.0,3597747942.0,,,6756268546.0,744417244.0,6011851302.0,2026-Q3,10.433653399870305,,0.6569624208774518,6.890065076352572,,-6.362949135896699,,-4.407362885548909,-8.173512722042181,,63393.0,,1808.0,111054.0,,4356.0,,96.0,18570.0,,4704.0,,0.0,3027.0,
ushareit.com,SHAREit Group,Publishers,ushareit.com,SHAREit Group,company-logos/ushareit.com/logo_200x200.jpeg,company-logos/ushareit.com/logo_200x200.jpeg,337355840.0,568532468.0,84833.0,,,2714438673.0,5802530420.0,13837178.0,,9436779412.0,905973141.0,8530806271.0,2026-Q3,10.49685474553229,,,6.769826758795607,,-5.764700676270902,,,-8.429904795973993,,63777.0,,,109116.0,,4596.0,,,18132.0,,4539.0,,,3123.0,
consumable.com,consumable.com,,,,,,275624909.0,597406188.0,,,,2446933269.0,6501843567.0,,,9821807933.0,873031097.0,8948776836.0,2026-Q3,9.801876955161628,,,6.562289268311713,,-5.351289559788403,,,-7.0488075443603195,,19928.0,,,35325.0,,1548.0,,,6035.0,,1459.0,,,732.0,
taurusx.com,TaurusX,Ad Networks,taurusx.com,TaurusX,company-logos/taurusx.com/logo_200x200.jpeg,company-logos/taurusx.com/logo_200x200.jpeg,322179555.0,587116226.0,,9504732.0,,2371372473.0,6208041068.0,,278834284.0,9777048338.0,918800513.0,8858247825.0,2026-Q3,9.043223795306641,0.1375558337583654,,6.423257490543175,0.5426695842450766,-5.264422298168919,-4.640551948939783,,-6.478220260050743,6.611742544949826,54945.0,267.0,,103530.0,2046.0,4107.0,6.0,,18738.0,252.0,3768.0,12.0,,2634.0,60.0
iqzone.com,iqzone.com,,,,,,304186741.0,581166817.0,,,1027028.0,2073164325.0,5384246178.0,,,8343791089.0,885353558.0,7458437531.0,2026-Q3,9.370511735888405,,0.0173317734737207,6.74638632888912,,-5.5707752376430335,,-9.5064777503358,-6.975776445251181,,19051.0,,16.0,36316.0,,1354.0,,0.0,6350.0,,1313.0,,0.0,874.0,
pinklion.io,pinklion.io,,,,,,327096502.0,410879277.0,,,3667.0,2260490625.0,3477515422.0,,,6475985493.0,737975779.0,5738009714.0,2026-Q3,9.382808349892773,,0.0032497075263226314,6.72613750991542,,-5.012143276403914,,-9.5064777503358,-4.838927856939061,,19076.0,,3.0,36207.0,,1441.0,,0.0,7026.0,,1288.0,,0.0,876.0,
taboola.com,Taboola,Ad Networks,taboola.com,Taboola,company-logos/taboola.com/logo_200x200.jpeg,company-logos/taboola.com/logo_200x200.jpeg,291136722.0,144925270.0,0.0,9287214.0,52281511.0,2936629286.0,1134982768.0,7487192.0,23564496.0,4600294459.0,445349206.0,4154945253.0,2026-Q3,8.555388408478198,0.6475943184803944,0.1733247094903454,6.249786728990402,0.48856176646111,-5.285896382413868,-1.557861249793547,3.5409394046066285,-6.675790075829662,-3.549963206813294,51981.0,1257.0,477.0,100734.0,1842.0,4107.0,24.0,60.0,17199.0,39.0,3798.0,12.0,0.0,1710.0,42.0
33across.com,33across.com,,,,,,305734068.0,603229774.0,,,422149.0,2413987603.0,5907155844.0,,,9230529438.0,908963842.0,8321565596.0,2026-Q3,9.767446435949397,,0.03899649031587157,6.169016334666535,,-6.982504161444123,,-4.1833293827085,-8.450764221417877,,19858.0,,36.0,33208.0,,1277.0,,2.0,5431.0,,1535.0,,0.0,878.0,
mobfox.com,mobfox.com,,,,,,228073082.0,576251264.0,,,3890511.0,2047431102.0,5759754927.0,,,8615400886.0,804324346.0,7811076540.0,2026-Q3,9.04932417809432,,0.01191559426318298,6.790227808501903,,-9.013279616157524,,-9.506477750335801,-10.414791994713571,,18398.0,,11.0,36552.0,,998.0,,0.0,5030.0,,1653.0,,0.0,710.0,
axis-marketplace.com,axis-marketplace.com,,,,,,315092664.0,436306916.0,,,4516203.0,1979404536.0,3297285097.0,,,6032605416.0,751399580.0,5281205836.0,2026-Q3,9.335097487555826,,0.00866588673686035,6.299611928597834,,-5.008217858621997,,261.9740889986568,-7.378955344307794,,18979.0,,8.0,33911.0,,1410.0,,6.0,5896.0,,1257.0,,0.0,908.0,
orangeclickmedia.com,orangeclickmedia.com,,,,,,312624025.0,545871921.0,,,,2342274392.0,5139181839.0,,,8339952177.0,858495946.0,7481456231.0,2026-Q3,9.436913451511991,,,6.115514868020427,,-5.419060741200129,,,-8.219794598505496,,19186.0,,,32920.0,,1369.0,,,5533.0,,1297.0,,,948.0,
snack-media.com,snack-media.com,,,,,,291083924.0,406818677.0,,,,2084657358.0,2640078257.0,,,5422638216.0,697902601.0,4724735615.0,2026-Q3,9.151140142050485,,,6.242580851304934,,-5.423243101398942,,,-7.26196352443086,,18605.0,,,33604.0,,1304.0,,,5850.0,,1235.0,,,871.0,
cas.ai,Cas,Ad Networks,cas.ai,Cas,company-logos/cas.ai/logo_200x200.jpeg,company-logos/cas.ai/logo_200x200.jpeg,281716543.0,363460156.0,135744.0,,5831878.0,2359246164.0,2465110235.0,9347833.0,45911088.0,5530759641.0,645312443.0,4885447198.0,2026-Q3,8.377634623803864,,0.056684810650930575,6.42102396142447,0.5450566938531928,-4.929992692299366,,-5.862401255786582,-6.5171558266906455,0.41863165009102593,50901.0,,156.0,103494.0,2055.0,3693.0,,6.0,18144.0,111.0,3201.0,,0.0,2082.0,33.0
selectmedia.asia,selectmedia.asia,,,,,,315166775.0,485045900.0,,,,2237965358.0,4348351755.0,,,7386529788.0,800212675.0,6586317113.0,2026-Q3,9.117201487398429,,,6.052910721285224,,-5.262900209403899,,,-7.709931169848145,,18536.0,,,32583.0,,1330.0,,,5651.0,,1230.0,,,958.0,
madex.world,madex.world,,,,,,228668198.0,98377277.0,,,,2092241503.0,900919053.0,,,3320206031.0,327045475.0,2993160556.0,2026-Q3,8.483679933893404,,,6.5178904817547,,-5.002917859713263,,,-5.628180527280301,,17248.0,,,35086.0,,1317.0,,,6422.0,,1177.0,,,706.0,
oko.uk,oko.uk,,,,,,323285367.0,405040399.0,,,,2536981954.0,2898615146.0,,,6163922866.0,728325766.0,5435597100.0,2026-Q3,9.168847266216774,,,5.6460766519971095,,-5.652527155724268,,,-7.743866825033201,,18641.0,,,30393.0,,1341.0,,,5318.0,,1317.0,,,950.0,
mobupps.com,Mobupps,Ad Networks,mobupps.com,Mobupps,company-logos/mobupps.com/logo_200x200.jpeg,company-logos/mobupps.com/logo_200x200.jpeg,310290046.0,577308458.0,,,,2201505354.0,5381130509.0,,,8470234367.0,887598504.0,7582635863.0,2026-Q3,9.2076460461304,,,5.680050676294004,,-4.699055845796646,,,-9.016333995091328,,55944.0,,,91551.0,,4407.0,,,14724.0,,3732.0,,,2640.0,
markappmedia.site,markappmedia.site,,,,,,313804985.0,531050234.0,,,,2221278259.0,5329545156.0,,,8395678634.0,844855219.0,7550823415.0,2026-Q3,8.885041414995968,,,5.846521382938605,,-5.386409181247212,,,-7.812526030341241,,18064.0,,,31472.0,,1286.0,,,5382.0,,1212.0,,,879.0,
adspin.io,AdSpin.io,Ad Networks,adspin.io,AdSpin.io,company-logos/adspin.io/logo_200x200.jpeg,company-logos/adspin.io/logo_200x200.jpeg,308002052.0,527961458.0,,,,1982411460.0,5056381624.0,37301.0,269616.0,7875063511.0,835963510.0,7039100001.0,2026-Q3,8.793541014262605,,,5.971703667270302,0.003978516013526954,-4.815609930509856,,,-5.928077293805099,-3.392878456335783,17775.0,,,32053.0,5.0,1364.0,,,5994.0,0.0,1164.0,,,846.0,0.0
spinx.io,SpinX,Ad Networks,adspin.io,AdSpin.io,company-logos/spinx.io/logo_200x200.jpeg,company-logos/adspin.io/logo_200x200.jpeg,331136186.0,899043062.0,,,,2106637416.0,7386652924.0,37301.0,269616.0,10723776505.0,1230179248.0,9493597257.0,2026-Q3,4.931371702697036,,,3.095295013910968,0.003978516013526954,-5.4708185715610504,,,-6.137610720660812,-3.392878456335783,19994.0,,,33276.0,10.0,1526.0,,,6199.0,0.0,1450.0,,,923.0,0.0
sonobi.com,sonobi.com,,,,,,237411760.0,675573016.0,,,3314326.0,1734495941.0,7169685477.0,,,9820480520.0,912984776.0,8907495744.0,2026-Q3,9.204261514549355,,0.031413839421118764,5.366680103956322,,-9.232411506192456,,4.972485809610461,-10.458120578847796,,18713.0,,29.0,28889.0,,948.0,,4.0,3993.0,,1661.0,,0.0,591.0,
adsyield.com,adsyield.com,,,,,,306937619.0,403372414.0,,,,1791027419.0,3404504684.0,,,5905842136.0,710310033.0,5195532103.0,2026-Q3,9.301650697463947,,,5.235341434099382,,-6.881902045230419,,,-9.348802144077853,,18911.0,,,28182.0,,1208.0,,,4327.0,,1433.0,,,704.0,
krushmedia.com,Krush Media,Ad Networks,krushmedia.com,Krush Media,company-logos/krushmedia.com/logo_200x200.jpeg,company-logos/krushmedia.com/logo_200x200.jpeg,242274884.0,578748955.0,,,17804080.0,2221811010.0,5759291971.0,,,8819930900.0,821023839.0,7998907061.0,2026-Q3,8.927190074755343,,0.0250721277879116,5.5944320600769695,,-6.889208942978159,,4.094460149851386,-10.133337017937006,,54240.0,,69.0,90171.0,,3291.0,,9.0,13218.0,,3897.0,,0.0,2289.0,
intenze.co,intenze.co,,,,,,295160369.0,425151041.0,,,,1887831645.0,3135896133.0,,,5744039188.0,720311410.0,5023727778.0,2026-Q3,8.577626064886774,,,5.81735565285722,,-5.143032521832572,,,-7.017425123124656,,17439.0,,,31315.0,,1262.0,,,5558.0,,1146.0,,,848.0,
admatic.com.tr,Admatic,Ad Networks,admatic.com.tr,Admatic,,,215409826.0,418497794.0,,,,2197735563.0,3911943262.0,,,6743586445.0,633907620.0,6109678825.0,2026-Q3,8.976072365540782,,0.0010900925125178957,5.366798217395593,,-7.8412427965794995,,-9.483078130564014,-10.267085869051481,,54537.0,,3.0,86502.0,,3285.0,,0.0,12591.0,,4464.0,,0.0,2220.0,
screencore.io,screencore.io,,,,,,291019636.0,328118797.0,,,9363.0,2114069034.0,2056851569.0,,,4790068399.0,619138433.0,4170929966.0,2026-Q3,8.58992267889114,,0.0010832358421075437,5.6444047311644185,,-5.779393205124708,,-9.5064777503358,-8.254151444690274,,17464.0,,1.0,30384.0,,1251.0,,0.0,5078.0,,1252.0,,0.0,856.0,
e-volution.ai,e-volution.ai,,,,,,282836641.0,604453928.0,,,997390.0,1809630349.0,6165740160.0,,,8863658468.0,887290569.0,7976367899.0,2026-Q3,8.48023688197218,,0.0054161792105377185,5.77871570472392,,1.6169699907755586,,-9.506477750335792,3.9452628846209237,,17241.0,,5.0,31107.0,,2371.0,,0.0,8226.0,,1117.0,,0.0,760.0,
tapjoy.com,TapJoy,Ad Networks,unity.com,Unity,company-logos/tapjoy.com/logo_200x200.jpeg,company-logos/unity.com/logo_200x200.jpeg,205092328.0,15289963.0,,24796552.0,17159909.0,1212178466.0,60818680.0,,490134608.0,2025470506.0,245178843.0,1780291663.0,2026-Q3,8.138711785815584,0.2333812460394739,0.20787871202268163,3.513879806632429,1.5778794509647902,-10.236953873508268,-2.4976430039720996,-8.531166935289688,-14.687234403069601,-3.829356415117398,32998.0,302.0,382.0,37776.0,3966.0,1468.0,4.0,4.0,3888.0,108.0,3088.0,4.0,0.0,1084.0,126.0
azberry.com,azberry.com,,,,,,308490196.0,555845488.0,,,,1912542572.0,5473707573.0,,,8250585829.0,864335684.0,7386250145.0,2026-Q3,8.555000295118736,,,5.682301603372078,,-5.185255913474027,,,-7.2944429186280715,,17393.0,,,30588.0,,1241.0,,,5416.0,,1133.0,,,893.0,
screenil.com,screenil.com,,,,,,228093410.0,503885716.0,51.0,,,2017341518.0,4601209954.0,1324.0,,7350531973.0,731979177.0,6618552796.0,2026-Q3,8.032640132213194,,,6.113285640243506,,-4.988587460610699,,,-5.160550432842678,,16331.0,,,32908.0,,1247.0,,,6171.0,,1112.0,,,674.0,
qntv.io,qntv.io,,,,,,308129149.0,266991322.0,,,,2136444952.0,1913327835.0,,,4624893258.0,575120471.0,4049772787.0,2026-Q3,8.272670037578452,,,5.43931577568767,,-3.6252051551406845,,,-4.455291956202097,,16819.0,,,29280.0,,1525.0,,,5885.0,,1150.0,,,814.0,
bematterfull.com,bematterfull.com,,,,,,304135086.0,590590794.0,,,,1882168627.0,6017480075.0,,,8794374582.0,894725880.0,7899648702.0,2026-Q3,8.464989080606763,,,5.236270279006433,,-5.444344420830492,,,-8.38896754726854,,17210.0,,,28187.0,,1189.0,,,4720.0,,1129.0,,,839.0,
rhythmone.com,rhythmone.com,,,,,,190930062.0,652368957.0,,,,1611324493.0,6520754118.0,,,8975377630.0,843299019.0,8132078611.0,2026-Q3,8.622877604422847,,,4.8082585458375675,,-10.55468703694605,,,-14.333504888356938,,17531.0,,,25883.0,,765.0,,,2604.0,,1702.0,,,589.0,
reklamup.com,reklamup.com,,,,,,283754085.0,,,,,1948466139.0,,,,2232220224.0,283754085.0,1948466139.0,2026-Q3,8.928817360851514,,,4.531276994555111,,-6.7042318642432654,,,-8.992448611458538,,18153.0,,,24392.0,,1202.0,,,3869.0,,1383.0,,,650.0,
moloco.com,Moloco,Ad Networks,moloco.com,Moloco,company-logos/moloco.com/logo_200x200.jpeg,company-logos/moloco.com/logo_200x200.jpeg,2419265.0,498083.0,,357361214.0,845424865.0,33089615.0,3423835.0,29.0,2252068106.0,3494285012.0,360278562.0,3134006450.0,2026-Q3,0.2651493954725453,6.293565787236672,1.8306286926883863,0.14127071675810693,6.51362641734633,-6.717474825896582,2.0117157471288536,4.712801923815968,10.797935514034897,4.8145655343188,1611.0,12216.0,5038.0,2277.0,24558.0,81.0,582.0,683.0,705.0,2343.0,96.0,42.0,0.0,51.0,420.0
adcolony.com,AdColony,Ad Networks,digitalturbine.com,Digital Turbine,company-logos/adcolony.com/logo_200x200.jpeg,company-logos/digitalturbine.com/logo_200x200.jpeg,177183411.0,603732012.0,,319899.0,24708692.0,1155043099.0,5991971079.0,,554050627.0,8507008819.0,781235322.0,7725773497.0,2026-Q3,6.931643009532736,0.010818998160770312,0.1937298991624991,3.1358512293835363,1.8086333797493537,-10.09749906445189,-2.49764300397212,-7.40824210257614,-14.933473158386137,-3.3503577162197256,28104.0,14.0,356.0,33712.0,4546.0,1352.0,0.0,8.0,3474.0,108.0,2686.0,0.0,0.0,1062.0,106.0
myfeature.tv,myfeature.tv,,,,,,286292512.0,576150149.0,,,,1760129689.0,6283967071.0,,,8906539421.0,862442661.0,8044096760.0,2026-Q3,8.402522281464577,,,4.808815852781797,,-6.059948004792096,,,-8.076737511633763,,17083.0,,,25886.0,,1162.0,,,4500.0,,1214.0,,,860.0,
dauup.com,dauup.com,,,,,,282975225.0,561197098.0,,,7636551.0,2120594800.0,5978863151.0,,,8951266825.0,844172323.0,8107094502.0,2026-Q3,7.929840439136679,,0.0032497075263226314,5.237756430857714,,-5.86741832414336,,-9.5064777503358,-6.606996794830451,,16122.0,,3.0,28195.0,,1186.0,,0.0,4981.0,,1202.0,,0.0,635.0,
insticator.com,insticator.com,,,,,,305494516.0,396890331.0,,,,1955596648.0,3186443851.0,,,5844425346.0,702384847.0,5142040499.0,2026-Q3,8.45515178940327,,,4.493937429291681,,-6.4163985934715,,,-10.381522129096751,,17190.0,,,24191.0,,1086.0,,,3669.0,,1204.0,,,802.0,
carbonatix.com,carbonatix.com,,,,,,304026526.0,494905506.0,,,,1778090467.0,4153530341.0,,,6730552840.0,798932032.0,5931620808.0,2026-Q3,7.99771774844079,,,4.900399960616976,,-5.079314085183465,,,-8.385185032420374,,16260.0,,,26379.0,,1151.0,,,4405.0,,1032.0,,,772.0,
metup.it,metup.it,,,,,,279842607.0,350878671.0,,,,1696020644.0,2796904423.0,,,5123646345.0,630721278.0,4492925067.0,2026-Q3,7.720798001062428,,,5.1357692600635705,,2.769980007332416,,,6.053522993042918,,15697.0,,,27646.0,,2286.0,,,7747.0,,981.0,,,694.0,
snapchat.com,Snap,Ad Networks,snapchat.com,Snap,company-logos/snapchat.com/logo_200x200.jpeg,company-logos/snapchat.com/logo_200x200.jpeg,4735.0,,3774566.0,300356578.0,7714951.0,58.0,58.0,73323404.0,1323093424.0,1708267774.0,304135879.0,1404131895.0,2026-Q3,0.0014812815389527668,10.36460023801796,0.0250721277879116,0.0009306371327938533,1.7783966580465487,-5.848922449973839,-0.35799969287366834,-9.483078130564026,,-8.04219904169953,9.0,20118.0,69.0,15.0,6705.0,0.0,522.0,0.0,15.0,420.0,0.0,90.0,0.0,0.0,759.0
lacunads.com,lacunads.com,,,,,,315437527.0,547845448.0,,,28747995.0,2164792634.0,5649368270.0,,,8706191874.0,863282975.0,7842908899.0,2026-Q3,8.185610010427528,,0.024914424368473503,4.524960849187168,,-5.757009189999926,,-0.8880470598915955,-9.410245453952399,,16642.0,,23.0,24358.0,,1156.0,,2.0,4022.0,,1153.0,,0.0,905.0,
mgid.com,mgid.com,,,,,,200074661.0,522776326.0,,,984361.0,1479267352.0,4951584727.0,,,7154687427.0,722850987.0,6431836440.0,2026-Q3,7.432073504239872,,0.0075826508947528055,5.17459497717828,,-6.565501434983057,,5.575775957941554,-7.702250699627624,,15110.0,,7.0,27855.0,,1008.0,,1.0,4520.0,,1136.0,,0.0,506.0,
eskimi.com,eskimi.com,,,,,,223835150.0,619488347.0,,,3308532.0,1670874271.0,6724914862.0,,,9242421162.0,843323497.0,8399097665.0,2026-Q3,7.829008204300863,,0.01841500931582824,4.697911770879969,,-7.965434911038788,,-3.8506326097317958,-8.598458571265388,,15917.0,,17.0,25289.0,,974.0,,1.0,4118.0,,1353.0,,0.0,686.0,
onesignal.com,One Signal,Ad Networks,onesignal.com,One Signal,company-logos/onesignal.com/logo_200x200.jpeg,company-logos/onesignal.com/logo_200x200.jpeg,,,0.0,58129239.0,148683454.0,,,,362701120.0,569513813.0,58129239.0,511384574.0,2026-Q3,,5.543963771811873,4.592559755237895,,6.258205689277899,,-0.47212448925668643,-0.327289117633599,,-0.4696082078963928,,10761.0,12639.0,,23595.0,,276.0,1161.0,,981.0,,57.0,0.0,,288.0
yango-ads.com,Yango,Ad Networks,yandex.com,Yandex,company-logos/yango-ads.com/logo_200x200.jpeg,company-logos/yandex.com/logo_200x200.jpeg,176711972.0,7039414.0,243051.0,2100.0,4583147.0,1872460561.0,50849315.0,15714.0,5876428.0,2117781702.0,183996537.0,1933785165.0,2026-Q3,7.182971796421215,0.003091142331648661,0.010935535021050904,5.210543499796754,0.007957032027053909,3.0243768849059003,-2.4976430039721156,-9.471266881732204,3.829097716977893,-3.392878456335783,29123.0,4.0,10.0,56016.0,20.0,4333.0,0.0,0.0,14364.0,2.0,1830.0,0.0,0.0,958.0,2.0
escalax.io,escalax.io,,,,,,288321488.0,362259563.0,,,,1990715393.0,2254424923.0,,,4895721367.0,650581051.0,4245140316.0,2026-Q3,7.5107718338678255,,,4.504897799194877,,-5.445813929011932,,,-7.637757841057535,,15270.0,,,24250.0,,1073.0,,,4311.0,,1020.0,,,802.0,
premiumads.com.br,premiumads.com.br,,,,,,217429414.0,0.0,,,117.0,1939411860.0,334.0,,,2156841725.0,217429414.0,1939412311.0,2026-Q3,7.121706966769631,,0.0010832358421075437,4.715374055132519,,-1.4733673779814103,,-9.5064777503358,-5.811017893051438,,14479.0,,1.0,25383.0,,1427.0,,0.0,4796.0,,795.0,,0.0,702.0,
premiumads.net,premiumads.net,,,,,,217426614.0,,,,690208.0,1939145190.0,,,,2157262012.0,217426614.0,1939835398.0,2026-Q3,7.108426623644913,,0.0010832358421075437,4.709615216708805,,-1.45070344007582,,-9.5064777503358,-5.7445254692518875,,14452.0,,1.0,25352.0,,1427.0,,0.0,4796.0,,793.0,,0.0,692.0,
driftpixel.ai,driftpixel.ai,,,,,,278555793.0,241336330.0,,,,1640037535.0,1487678173.0,,,3647607831.0,519892123.0,3127715708.0,2026-Q3,7.2117181812816025,,,4.517901627893584,,-5.315493093692327,,,-7.846552295011168,,14662.0,,,24320.0,,1061.0,,,4185.0,,990.0,,,713.0,
pgamssp.com,pgamssp.com,,,,,,277591003.0,425483327.0,,,,1678730611.0,3203387177.0,,,5585192118.0,703074330.0,4882117788.0,2026-Q3,7.053337792905346,,,4.637536851921687,,-5.4045878151019275,,,-8.423990778015435,,14340.0,,,24964.0,,1027.0,,,4171.0,,971.0,,,742.0,
mars.media,mars.media,,,,,,227116955.0,630095002.0,,,,1982888536.0,6817208066.0,,,9657308559.0,857211957.0,8800096602.0,2026-Q3,7.297794479312176,,,4.348108778884755,,-8.205437254934067,,,-10.869533975567734,,14837.0,,,23406.0,,836.0,,,3320.0,,1229.0,,,659.0,
appmetrica.yandex.com,AppMetrica,Analytics: Attribution,yandex.com,Yandex,company-logos/appmetrica.yandex.com/logo_200x200.jpeg,company-logos/yandex.com/logo_200x200.jpeg,,,,87578842.0,,,,,1844986763.0,1932565605.0,87578842.0,1844986763.0,2026-Q3,,2.962859924885241,,,8.23314103839268,,0.11356098628035763,,,1.957760772367775,,3834.0,,,20694.0,,136.0,,,1492.0,,36.0,,,406.0
greenrobot.org,Greenrobot,Development Tools,greenrobot.org,Greenrobot,company-logos/greenrobot.org/logo_200x200.jpeg,company-logos/greenrobot.org/logo_200x200.jpeg,,,,,,,,,3015785361.0,3015785361.0,,3015785361.0,2026-Q3,,,,,11.526556594390293,,,,,-1.0709202119666459,,,,,43458.0,,,,,1833.0,,,,,813.0
reactnative.dev,React Native,Development Tools,reactnative.dev,React Native,company-logos/reactnative.dev/logo_200x200.png,company-logos/reactnative.dev/logo_200x200.png,,,,42869635.0,,,,,708752158.0,751621793.0,42869635.0,708752158.0,2026-Q3,,2.4064543051884826,,,8.78535906107022,,7.973805009114798,,,-0.5000719250376334,,4671.0,,,33123.0,,480.0,,,1431.0,,27.0,,,468.0
adswizz.com,AdsWizz,Ad Networks,adswizz.com,AdsWizz,company-logos/adswizz.com/logo_200x200.jpeg,company-logos/adswizz.com/logo_200x200.jpeg,193412894.0,546008843.0,0.0,7473716.0,5005254.0,1272318973.0,5366509928.0,1.0,6957792.0,7397687401.0,746895453.0,6650791948.0,2026-Q3,7.2365540782972495,0.05564056196967589,0.04905416306330531,3.830316311152941,0.04296797294609111,-9.122879835801944,-2.497643003972113,1.8315371031154979,-10.288294584050906,0.3227800645743719,43968.0,108.0,135.0,61737.0,162.0,2403.0,0.0,15.0,9018.0,6.0,3987.0,0.0,0.0,1629.0,0.0
bluexad.ai,bluexad.ai,,,,,,291040735.0,535734419.0,,,27519704.0,1724285955.0,4991833560.0,,,7570414373.0,826775154.0,6743639219.0,2026-Q3,7.009069982489621,,0.04116296200008666,4.111439096568289,,-5.000670194173313,,27.361253536564412,-6.7636028892821,,14250.0,,38.0,22132.0,,1102.0,,11.0,4112.0,,986.0,,0.0,732.0,
my.com,myTarget,Ad Networks,vk.com,VK,,company-logos/vk.com/logo_200x200.jpeg,124987399.0,454238466.0,0.0,2459392.0,1372832.0,1150256914.0,3870087826.0,79.0,900728548.0,6504131456.0,581685257.0,5922446199.0,2026-Q3,4.7468830544216845,0.2921129503407984,0.0489766599006318,2.918745250225338,2.607519395265566,-9.02554069071478,-4.021117332035053,-5.279139752178116,-13.644073469550849,-1.0682695941913598,19246.0,378.0,90.0,31378.0,6554.0,934.0,0.0,4.0,3510.0,316.0,1610.0,6.0,0.0,830.0,162.0
iion.io,iion.io,,,,,,327918092.0,565280153.0,,,6656141.0,1945453829.0,5581752260.0,,,8427060475.0,893198245.0,7533862230.0,2026-Q3,7.23336022192929,,0.014082065947398067,3.7460315101346264,,-5.471888644875356,,194.1039473114086,-10.183741005457868,,14706.0,,13.0,20165.0,,1071.0,,9.0,3252.0,,1024.0,,0.0,823.0,
ppc.buzz,ppc.buzz,,,,,,267666536.0,351481820.0,,,,1559602999.0,2098382203.0,,,4277133558.0,619148356.0,3657985202.0,2026-Q3,6.790682117772049,,,4.22531548217268,,-5.224815487434534,,,-7.681535106791287,,13806.0,,,22745.0,,1019.0,,,3927.0,,939.0,,,645.0,
omnifytv.com,omnifytv.com,,,,,,279103594.0,521122240.0,,,,1675211057.0,5131228122.0,5.0,,7606665018.0,800225834.0,6806439184.0,2026-Q3,7.1905680051940895,,,3.7621934115173055,,-5.806214292462631,,,-9.408044321592483,,14619.0,,,20252.0,,976.0,,,3357.0,,981.0,,,765.0,
voisetech.com,voisetech.com,,,,,,258603847.0,576404395.0,,,57377.0,1733115695.0,5323511559.0,,,7891692873.0,835008242.0,7056684631.0,2026-Q3,6.6859149664548365,,0.0021664716842150875,4.195220907184244,,-4.948864993782076,,-9.5064777503358,-7.242930656914467,,13593.0,,2.0,22583.0,,1064.0,,0.0,4066.0,,946.0,,0.0,716.0,
ignitemediatech.com,ignitemediatech.com,,,,,,142135191.0,599791113.0,,,,1372277457.0,6522560186.0,,,8636763947.0,741926304.0,7894837643.0,2026-Q3,6.054360871190509,,,4.697911770879969,,-7.450697595507927,,,-7.5537486808027605,,12309.0,,,25289.0,,821.0,,,4138.0,,1044.0,,,459.0,
playstream.media,playstream.media,,,,,,174848733.0,180276354.0,,,117.0,1783813684.0,1626216329.0,,,3765155217.0,355125087.0,3410030130.0,2026-Q3,6.032226965982647,,0.0010832358421075437,4.654999136174236,,-5.781680583258899,,-9.5064777503358,-5.1820133322597455,,12264.0,,1.0,25058.0,,951.0,,0.0,4703.0,,952.0,,0.0,522.0,
e-planning.net,e-planning.net,,,,,,175383343.0,625682842.0,,,93674.0,1586715581.0,6813042792.0,,,9200918232.0,801066185.0,8399852047.0,2026-Q3,6.744938713675802,,0.004332943368430175,3.905607065165901,,-9.458260497501232,,-9.5064777503358,-12.780176639718842,,13713.0,,4.0,21024.0,,683.0,,0.0,2468.0,,1241.0,,0.0,486.0,
vidazoo.com,vidazoo.com,,,,,,244895153.0,568290373.0,,,1856041.0,1785303609.0,5918395926.0,,,8518741102.0,813185526.0,7705555576.0,2026-Q3,6.387845042988963,,0.0032497075263226314,4.259682743733547,,-4.961704951821002,,,-7.835107949579087,,12987.0,,3.0,22930.0,,866.0,,3.0,3798.0,,755.0,,0.0,522.0,
safex.tv,safex.tv,,,,,,212718686.0,258741914.0,,,,1747115417.0,1847700580.0,,,4066276597.0,471460600.0,3594815997.0,2026-Q3,6.038129340704743,,,4.487992821886558,,-4.6477289861127025,,,-5.012118876012859,,12276.0,,,24159.0,,935.0,,,4530.0,,790.0,,,463.0,
hyprmx.com,HyperMX,Ad Networks,verve.com,Verve Group,company-logos/hyprmx.com/logo_200x200.jpeg,company-logos/verve.com/logo_200x200.jpeg,129358524.0,2213118.0,0.0,55506206.0,8493932.0,689152105.0,4761401.0,,285516098.0,1175001384.0,187077848.0,987923536.0,2026-Q3,4.973300940941434,1.2519126443177078,0.06312547276081432,2.563599308311885,0.8378754724487766,-6.919553315783035,-2.13518071030657,-6.256418469020712,-9.80791524393641,-5.10513154339701,20164.0,1620.0,116.0,27560.0,2106.0,1130.0,30.0,4.0,4294.0,60.0,1366.0,24.0,0.0,868.0,98.0
yahoo.com,Yahoo!,Ad Networks,yahoo.com,Yahoo!,company-logos/yahoo.com/logo_200x200.jpeg,company-logos/yahoo.com/logo_200x200.jpeg,185450557.0,634679713.0,3155268.0,4063828.0,107802325.0,1284708335.0,6051107367.0,1044940.0,106740683.0,8378753016.0,827349366.0,7551403650.0,2026-Q3,5.772060396785948,0.08397603334312195,0.46583286701598076,2.9357878991114896,0.3397652675552019,-10.028112763851396,-0.04475351979531537,10.727761294481798,-13.0486130009329,-2.8620700962057675,35070.0,163.0,1282.0,47319.0,1281.0,1605.0,4.0,234.0,5715.0,31.0,3234.0,0.0,0.0,1374.0,24.0
g-global.net,g-global.net,,,,,,173944245.0,5239582.0,,,,1653801180.0,6355118.0,,,1839340125.0,179183827.0,1660156298.0,2026-Q3,6.032226965982647,,,4.245750070127791,,0.1462594372415178,,,-4.99952704175257,,12264.0,,,22855.0,,1323.0,,,4449.0,,598.0,,,599.0,
tropicsgames.com,tropicsgames.com,,,,,,275853254.0,383337738.0,,,,1614085083.0,2843225701.0,,,5116501776.0,659190992.0,4457310784.0,2026-Q3,6.688866153815885,,,3.5459583171559514,,-5.349431214333332,,,-8.992634161447128,,13599.0,,,19088.0,,934.0,,,3233.0,,873.0,,,714.0,
nexverse.ai,nexverse.ai,,,,,,237188164.0,384860733.0,,,,1700559686.0,2592685173.0,118.0,,4915293874.0,622048897.0,4293244977.0,2026-Q3,6.196509729081001,,,3.981400809581221,,-5.788954580133471,,,-9.514681883898971,,12598.0,,,21432.0,,897.0,,,3174.0,,899.0,,,453.0,
amxrtb.com,amxrtb.com,,,,,,154925660.0,458663899.0,,,217828.0,1223557567.0,4762794632.0,,,6600159586.0,613589559.0,5986570027.0,2026-Q3,6.282094162551399,,0.015165301789505611,3.8156948781634137,,-9.758960960872152,,-9.506477750335813,-10.659334408952713,,12772.0,,14.0,20540.0,,665.0,,0.0,2838.0,,1229.0,,0.0,460.0,
github.com-JakeWharton,Jake Wharton,Development Tools,github.com-JakeWharton,Jake Wharton,company-logos/github.com-JakeWharton/logo_460x460.jpeg,company-logos/github.com-JakeWharton/logo_460x460.jpeg,,,,,,,,,1617697100.0,1617697100.0,,1617697100.0,2026-Q3,,,,,9.646309926397453,,,,,-1.7805992557999653,,,,,36369.0,,,,,1455.0,,,,,858.0
mobilefuse.com,MobileFuse,Ad Networks,mobilefuse.com,MobileFuse,company-logos/mobilefuse.com/logo_200x200.jpeg,company-logos/mobilefuse.com/logo_200x200.jpeg,224036584.0,340037691.0,0.0,87156767.0,85835637.0,1026624111.0,3555226284.0,0.0,466922541.0,5785839615.0,651231042.0,5134608573.0,2026-Q3,4.24535289063863,1.8114094063461155,0.31394664360515395,1.744013986855681,1.8985478416550627,-7.080926908273071,-0.5458986950872866,-7.883839228277156,-12.34405006623818,-1.5358428008616756,25794.0,3516.0,864.0,28110.0,7158.0,1416.0,108.0,15.0,3663.0,333.0,1758.0,39.0,0.0,879.0,198.0
adwmg.com,adwmg.com,,,,,,189236398.0,469286520.0,,,,1638548432.0,4161824045.0,,,6458895395.0,658522918.0,5800372477.0,2026-Q3,6.360792492179354,,,3.6223093685155012,,-7.3149268324099275,,,-8.561738845163577,,12932.0,,,19499.0,,801.0,,,3150.0,,1016.0,,,497.0,
adsolut.in,adsolut.in,,,,,,171410401.0,166005583.0,,,,1730541073.0,1341340736.0,,,3409297793.0,337415984.0,3071881809.0,2026-Q3,5.536919353886714,,,4.408483697843037,,-5.3367154212651595,,,-4.751262570406347,,11257.0,,,23731.0,,900.0,,,4552.0,,848.0,,,503.0,
smilewanted.com,smilewanted.com,,,,,,263272326.0,497318279.0,,,206977.0,1711195772.0,5091663525.0,,,7563656879.0,760590605.0,6803066274.0,2026-Q3,6.357349440258131,,0.01191559426318298,3.6091197708353846,,-5.393375676158625,,-0.45712552536937273,-9.094347156968956,,12925.0,,11.0,19428.0,,935.0,,1.0,3182.0,,883.0,,0.0,637.0,
adform.com,adform.com,,,,,,175376964.0,654929263.0,,,,1424660555.0,7146825624.0,,,9401792406.0,830306227.0,8571486179.0,2026-Q3,6.532453223680328,,,3.369292015834948,,-9.514422877280056,,,-12.555716614358717,,13281.0,,,18137.0,,651.0,,,2228.0,,1200.0,,,476.0,
castify.ai,castify.ai,,,,,,276000477.0,573999924.0,34.0,,30264.0,1583655639.0,6437394311.0,157093.0,,8871237742.0,850000435.0,8021237307.0,2026-Q3,6.40210911523403,,0.0032497075263226314,3.452888057469492,,-5.636251358292857,,35.740283374496315,-9.924337034622774,,13016.0,,3.0,18587.0,,895.0,,1.0,2967.0,,876.0,,0.0,681.0,
synacor.com,synacor.com,,,,,,172899118.0,509455896.0,,,,1000130182.0,5385141176.0,,,7067626372.0,682355014.0,6385271358.0,2026-Q3,6.873315363881402,,,2.8615853896411503,,-9.85114672440117,,,-12.856281937986894,,13974.0,,,15404.0,,654.0,,,1804.0,,1286.0,,,364.0,
connatix.com,connatix.com,,,,,,172824191.0,498619865.0,,,14960762.0,1357539110.0,4424224089.0,,,6468168017.0,671444056.0,5796723961.0,2026-Q3,6.139453440100734,,0.02274795268425842,3.647016643043045,,-7.92069552441418,,0.019156170681489938,-9.023547112639196,,12482.0,,21.0,19632.0,,706.0,,2.0,2967.0,,997.0,,0.0,382.0,
waardex.com,Yabbi,Ad Networks,waardex.com,Yabbi,company-logos/waardex.com/logo_200x200.jpeg,company-logos/waardex.com/logo_200x200.jpeg,149075005.0,406257427.0,,,,987617904.0,3156072574.0,,2537497.0,4701560407.0,555332432.0,4146227975.0,2026-Q3,5.804648590642909,,,3.9230077695792094,,-8.046849906280006,,,-11.27150421139231,,35268.0,,,63231.0,,2103.0,,,8481.0,,2946.0,,,1530.0,
expo.dev,Expo,Development Tools,expo.dev,Expo,company-logos/expo.dev/logo_200x200.png,company-logos/expo.dev/logo_200x200.png,,,40583.0,74048274.0,3649644.0,,,206871.0,153466420.0,231411792.0,74088857.0,157322935.0,2026-Q3,,5.999907265730051,0.2027572073283286,,3.655460513228566,,2.353745229470051,-4.880522781270655,,2.2375296870751966,,11646.0,558.0,,13782.0,,564.0,27.0,,915.0,,12.0,0.0,,156.0
adtonos.com,adtonos.com,,,,,,183622860.0,488693239.0,,,,1289373556.0,3996748257.0,,,5958437912.0,672316099.0,5286121813.0,2026-Q3,5.981564916284652,,,3.5823690375123305,,-7.057960138881129,,,-7.110699917260312,,12161.0,,,19284.0,,811.0,,,3405.0,,979.0,,,521.0,
apexflowsdk.com,apexflowsdk.com,,,,,,265290330.0,376337699.0,3052.0,,,1516159964.0,2586303780.0,651.0,,4744095476.0,641631081.0,4102464395.0,2026-Q3,6.078954099199244,,,3.456789206079104,,-4.951097140915776,,,-7.115991031270781,,12359.0,,,18608.0,,909.0,,,3291.0,,802.0,,,509.0,
performist.net,performist.net,,,,,,269752488.0,249582177.0,,,,1539868324.0,1392200884.0,,,3451403873.0,519334665.0,2932069208.0,2026-Q3,6.228480925492357,,,3.215846837190207,,-5.452942756288014,,,-9.03799466004061,,12663.0,,,17311.0,,874.0,,,2950.0,,831.0,,,673.0,
a4g.com,a4g.com,,,,,,207501275.0,,,,,1217551443.0,46285.0,,,1425099003.0,207501275.0,1217597728.0,2026-Q3,6.3465284199342875,,,3.022832865505115,,-8.386850811665184,,,-10.967962190627325,,12903.0,,,16272.0,,661.0,,,2291.0,,1029.0,,,457.0,
gitberry.com,gitberry.com,,,,,,153659072.0,622766880.0,0.0,,,1176947080.0,6633811506.0,,,8587184538.0,776425952.0,7810758586.0,2026-Q3,6.065673756074527,,,3.162716908506919,,-8.920280939219225,,,-7.628464851784007,,12332.0,,,17025.0,,674.0,,,2944.0,,1100.0,,,479.0,
adingenious.com,adingenious.com,,,,,,265015969.0,505314847.0,,,,1515329669.0,4454742825.0,,,6740403310.0,770330816.0,5970072494.0,2026-Q3,6.061246975032955,,,3.1824084205363894,,-5.766351098840434,,,-9.003276708512857,,12323.0,,,17131.0,,868.0,,,2794.0,,867.0,,,535.0,
freewheel.tv,freewheel.tv,,,,,,184776760.0,675930064.0,0.0,,,1389116473.0,7106787267.0,,,9356610564.0,860706824.0,8495903740.0,2026-Q3,6.015503570936707,,,3.06946087983905,,-10.744016452577345,,,-13.288188942592392,,12230.0,,,16523.0,,547.0,,,1913.0,,1228.0,,,443.0,
metrica.yandex.com,Yandex Metrica,Analytics: Attribution,yandex.com,Yandex,company-logos/metrica.yandex.com/logo_200x200.jpeg,company-logos/yandex.com/logo_200x200.jpeg,,,,3273707.0,,,,,1827162652.0,1830436359.0,3273707.0,1827162652.0,2026-Q3,,0.36784593746619065,,,8.105828525959817,,-1.671351842988826,,,-0.036897189912924705,,476.0,,,20374.0,,10.0,,,1212.0,,6.0,,,528.0
mopub.com,Mopub,Ad Networks,applovin.com,AppLovin,company-logos/mopub.com/logo_200x200.jpeg,company-logos/applovin.com/logo_200x200.jpeg,131815296.0,10862459.0,0.0,1212098.0,218248.0,849220357.0,18705383.0,,84184830.0,1096218671.0,143889853.0,952328818.0,2026-Q3,5.457706963953187,0.054094990803851564,0.0217674044002808,2.900699594716902,0.5156156753530933,-10.819535958825877,-2.4976430039721227,-4.725216592834116,-17.595014370883373,-4.2791823237088495,22128.0,70.0,40.0,31184.0,1296.0,852.0,0.0,2.0,2040.0,24.0,2090.0,0.0,0.0,744.0,36.0
flat-ads.com,flat-ads.com,,,,,,241024151.0,545186632.0,,,8439380.0,1746562764.0,5586050857.0,,,8127263784.0,786210783.0,7341053001.0,2026-Q3,5.69628347138332,,0.0010832358421075437,3.2658186931895234,,-7.318555433206105,,-9.5064777503358,-9.390417551681415,,11581.0,,1.0,17580.0,,787.0,,0.0,2916.0,,980.0,,0.0,663.0,
xapads.com,xapads.com,,,,,,148538476.0,597708630.0,,,,1522486220.0,5983710488.0,,,8252443814.0,746247106.0,7506196708.0,2026-Q3,5.445432545694217,,,3.4971010750450957,,-7.8791886836722504,,,-9.608269714469268,,11071.0,,,18825.0,,740.0,,,2814.0,,993.0,,,441.0,
soloway.ru,soloway.ru,,,,,,99757908.0,2251865.0,,,8077.0,1233710511.0,15547878.0,,,1351276239.0,102009773.0,1249266466.0,2026-Q3,5.010132409939598,,0.0021664716842150875,3.926227422102422,,-6.261738876870887,,-9.5064777503358,-8.594734473231986,,10186.0,,2.0,21135.0,,678.0,,0.0,3301.0,,731.0,,0.0,432.0,
adipolo.com,adipolo.com,,,,,,161428746.0,436842027.0,,,,1377342909.0,3713285042.0,,,5688898724.0,598270773.0,5090627951.0,2026-Q3,5.718909241151357,,,3.1404246307377073,,-7.79618545546841,,,-9.14070811688283,,11627.0,,,16905.0,,723.0,,,2659.0,,978.0,,,452.0,
ergadx.com,ergadx.com,,,,,,145741024.0,158583945.0,,,,1361778540.0,863227724.0,,,2529331233.0,304324969.0,2225006264.0,2026-Q3,5.478879335786098,,,3.305387486229874,,-6.711986892080082,,,-7.865790404967045,,11139.0,,,17793.0,,763.0,,,3055.0,,875.0,,,518.0,
thejungletechnology.com,thejungletechnology.com,,,,,,144034304.0,353707221.0,,,,1464663634.0,2080875343.0,,,4043280502.0,497741525.0,3545538977.0,2026-Q3,5.207861963129832,,,3.56230598752004,,-2.9886320094497565,,,-3.148596019246888,,10588.0,,,19176.0,,1107.0,,,3965.0,,803.0,,,430.0,
yeahmobi.com,yeahmobi.com,,,,,,124624730.0,626954208.0,,,,1386886481.0,6564415024.0,,,8702880443.0,751578938.0,7951301505.0,2026-Q3,4.751411651287701,,,3.8363152350999346,,-6.939660706928372,,,-7.381976146810959,,9660.0,,,20651.0,,594.0,,,3435.0,,715.0,,,398.0,
trustedstack.com,trustedstack.com,,,,,,218223247.0,559576646.0,,,216547.0,1391914274.0,5169596103.0,,,7339526817.0,777799893.0,6561726924.0,2026-Q3,5.298856906762154,,0.014082065947398067,3.2855102052189937,,-4.649941877557861,,-1.9653508961971284,-7.258759560680321,,10773.0,,13.0,17686.0,,706.0,,1.0,3095.0,,579.0,,0.0,474.0,
adscholars.com,adscholars.com,,,,,,256644554.0,65425644.0,,,,1449479397.0,376813975.0,,,2148363570.0,322070198.0,1826293372.0,2026-Q3,5.570366143978593,,,2.950011424792357,,-5.724050549002987,,,-8.944065592231563,,11325.0,,,15880.0,,789.0,,,2730.0,,783.0,,,627.0,
acunexus.com,acunexus.com,,,,,,254868994.0,68100688.0,,,,1383407112.0,354362081.0,,,2060738875.0,322969682.0,1737769193.0,2026-Q3,5.513309854998328,,,2.8718026836187054,,-5.723533373902112,,,-9.216493295016615,,11209.0,,,15459.0,,778.0,,,2621.0,,772.0,,,614.0,
tritondigital.com,tritondigital.com,,,,,,154382794.0,542730063.0,186.0,,10941369.0,1144404102.0,5002916656.0,7.0,,6855375177.0,697113043.0,6158262134.0,2026-Q3,5.614633954394318,,0.0032497075263226314,2.7040532934053867,,-9.94726959064258,,35.740283374496315,-13.431819411716212,,11415.0,,3.0,14556.0,,554.0,,1.0,1661.0,,1083.0,,0.0,388.0,
richaudience.com,richaudience.com,,,,,,174555908.0,559878262.0,,,242757.0,1362038961.0,5573870450.0,,,7670586338.0,734434170.0,6936152168.0,2026-Q3,5.520195958840773,,0.031413839421118764,2.7798470378207067,,-8.52881068772873,,-9.506477750335803,-12.142991185576623,,11223.0,,29.0,14964.0,,568.0,,0.0,1889.0,,906.0,,0.0,380.0,
eyeconicspot.com,eyeconicspot.com,,,,,,254627782.0,294599495.0,,,,1379695576.0,2027161509.0,6579.0,,3956090941.0,549227277.0,3406863664.0,2026-Q3,5.4606803470596335,,,2.8374354220578373,,-5.62949270132008,,,-9.624355774624743,,11102.0,,,15274.0,,795.0,,,2565.0,,778.0,,,642.0,
medialabtech.ai,medialabtech.ai,,,,,,237376288.0,235399141.0,,,,1269263776.0,1268125860.0,,,3010165065.0,472775429.0,2537389636.0,2026-Q3,5.27229622051272,,,3.0386232289249735,,-5.243595584257321,,,-6.527825883666067,,10719.0,,,16357.0,,794.0,,,2930.0,,734.0,,,397.0,
lemmatechnologies.com,lemmatechnologies.com,,,,,,95249167.0,557727202.0,,,,1049172869.0,4554963503.0,,,6257112741.0,652976369.0,5604136372.0,2026-Q3,5.133098549983277,,,3.090638543719801,,-8.004251462087526,,,-9.584577082820108,,10436.0,,,16637.0,,592.0,,,2536.0,,845.0,,,435.0,
bidscube.com,bidscube.com,,,,,,114608262.0,321722722.0,,,,953529341.0,2538093740.0,,,3927954065.0,436330984.0,3491623081.0,2026-Q3,5.306726739724949,,,2.895581113239198,,-5.948345378631803,,,-9.167055879359479,,10789.0,,,15587.0,,866.0,,,2440.0,,886.0,,,409.0,
hybrid.ai,Hybrid,Ad Networks,hybrid.ai,Hybrid,,,92537697.0,1038233.0,,,8010.0,1093791171.0,12646951.0,,,1200022062.0,93575930.0,1106446132.0,2026-Q3,4.612216951785932,,0.0021801850250357914,3.6051021250168294,,-6.350206006304497,,81.03384373887197,-8.535156042069342,,28023.0,,6.0,58107.0,,1890.0,,3.0,9075.0,,2040.0,,0.0,1140.0,
motorik.io,motorik.io,,,,,,238501545.0,533195800.0,,,,1580705022.0,4614258315.0,,,6966660682.0,771697345.0,6194963337.0,2026-Q3,5.338697936136305,,,2.8418938776116796,,-5.74794720047039,,,-8.977844243053509,,10854.0,,,15298.0,,736.0,,,2418.0,,733.0,,,397.0,
singularads.com,singularads.com,,,,,,251134228.0,552352147.0,0.0,,,1349506287.0,5069349840.0,,,7222342502.0,803486375.0,6418856127.0,2026-Q3,5.37460404902906,,,2.7603412947726467,,-5.842933418523276,,,-9.893196139126879,,10927.0,,,14859.0,,765.0,,,2425.0,,773.0,,,593.0,
mangomob.net,mangomob.net,,,,,,102676569.0,448737855.0,,,,1133342136.0,4078366746.0,,,5763123306.0,551414424.0,5211708882.0,2026-Q3,4.443996301178507,,,3.6163647611103786,,-5.10178046812335,,,-6.417511541508968,,9035.0,,,19467.0,,642.0,,,3342.0,,578.0,,,308.0,
emxdgt.com,emxdgt.com,,,,,,149199397.0,565500314.0,,,234653.0,1387460241.0,5923688867.0,,,8026083472.0,714699711.0,7311383761.0,2026-Q3,5.090798197808252,,0.015165301789505611,2.806412002162351,,-11.2369964543616,,40.76770127725542,-14.062600139732911,,10350.0,,14.0,15107.0,,415.0,,5.0,1529.0,,1052.0,,0.0,309.0,
leanback.digital,leanback.digital,,,,,,219204597.0,397489536.0,,,,1234983951.0,2935222570.0,,,4786900654.0,616694133.0,4170206521.0,2026-Q3,5.24524366970311,,,2.655381820275941,,-6.213731140437262,,,-10.20375012618349,,10664.0,,,14294.0,,712.0,,,2165.0,,762.0,,,446.0,
mediasniper.ru,mediasniper.ru,,,,,,87730894.0,1038233.0,,,,1067436151.0,12646951.0,,,1168852229.0,88769127.0,1080083102.0,2026-Q3,4.354968815786885,,,3.4803818667181865,,-5.81654763248163,,,-8.4432423809109,,8854.0,,,18735.0,,608.0,,,2949.0,,612.0,,,379.0,
aloha-ads.com,aloha-ads.com,,,,,,238936488.0,381226059.0,,,,1243306342.0,2452949487.0,,,4316418376.0,620162547.0,3696255829.0,2026-Q3,5.083912093965806,,,2.7170571221040936,,-5.691879933287942,,,-9.457334386869745,,10336.0,,,14626.0,,735.0,,,2275.0,,726.0,,,410.0,
millwoodcreative.com,millwoodcreative.com,,,,,,238928051.0,296084812.0,,,,1242697275.0,1550596837.0,,,3328306975.0,535012863.0,2793294112.0,2026-Q3,5.064729376118992,,,2.6841760123945066,,-5.691568637855835,,,-9.294943707032582,,10297.0,,,14449.0,,735.0,,,2275.0,,726.0,,,410.0,
obyr-ortb.com,obyr-ortb.com,,,,,,244751783.0,64570508.0,,,,1319325267.0,350648027.0,,,1979295585.0,309322291.0,1669973294.0,2026-Q3,5.061286324197769,,,2.6260303212131455,,-5.755680419883121,,,-9.680826274321893,,10290.0,,,14136.0,,726.0,,,2342.0,,724.0,,,570.0,
pubsfusion.com,pubsfusion.com,,,,,,245655646.0,269467632.0,,,,1348353395.0,1676171223.0,,,3539647896.0,515123278.0,3024524618.0,2026-Q3,5.022429023943967,,,2.6215718656593032,,-5.7093585174518156,,,-9.401842502048721,,10211.0,,,14112.0,,726.0,,,2372.0,,719.0,,,565.0,
robust-apps.com,robust-apps.com,,,,,,214453412.0,291054848.0,,,,1221384034.0,2190357729.0,,,3917250023.0,505508260.0,3411741763.0,2026-Q3,4.917661872626754,,,2.777989348006606,,6.376644904836791,,,18.79787613566666,,9998.0,,,14954.0,,1756.0,,,5351.0,,614.0,,,341.0,
tvisionary.co,tvisionary.co,,,,,,237930342.0,367679970.0,,,,1239409038.0,2244670367.0,,,4089689717.0,605610312.0,3484079405.0,2026-Q3,4.997835795935232,,,2.65352413046184,,-5.681173717710926,,,-9.234405658120561,,10161.0,,,14284.0,,732.0,,,2261.0,,722.0,,,409.0,
programmaticx.ai,programmaticx.ai,,,,,,219243506.0,576020006.0,,,4316.0,1463405710.0,5787083824.0,,,8045757362.0,795263512.0,7250493850.0,2026-Q3,4.715505538394948,,0.0054161792105377185,2.97490446830131,,70.08937685648309,,13.116902812080248,71.58053039777441,,9587.0,,5.0,16014.0,,4601.0,,1.0,8888.0,,325.0,,0.0,247.0,
admatic.de,admatic.de,,,,,,173527645.0,402395541.0,,,43800.0,1219810031.0,3560248888.0,,,5356025905.0,575923186.0,4780102719.0,2026-Q3,4.740098766403683,,0.0075826508947528055,2.812356609567474,,-6.8756044937763034,,-9.506477750335813,-7.499374550582375,,9637.0,,7.0,15139.0,,637.0,,0.0,2516.0,,751.0,,0.0,306.0,
jungroup.com,jungroup.com,,,,,,129317776.0,2213118.0,,,,688998779.0,4761401.0,,,825291074.0,131530894.0,693760180.0,2026-Q3,4.952092391838983,,,2.55785310503564,,-6.8655618091299715,,,-9.770697332983765,,10068.0,,,13769.0,,565.0,,,2147.0,,683.0,,,433.0,
amplitude.com,Amplitude,Analytics: Product,amplitude.com,Amplitude,company-logos/amplitude.com/logo_200x200.jpeg,company-logos/amplitude.com/logo_200x200.jpeg,,,,100914135.0,107426205.0,,,,338868052.0,547208392.0,100914135.0,446294257.0,2026-Q3,,4.517704517704518,1.6460396939020225,,2.7411975333200713,,-0.45428239630125955,-3.474186424542132,,0.2746410719865012,,8769.0,4530.0,,10335.0,,237.0,282.0,,612.0,,57.0,0.0,,234.0
empower.net,empower.net,,,,,,106688150.0,372567360.0,,,,716324748.0,2989050152.0,,,4184630410.0,479255510.0,3705374900.0,2026-Q3,4.568929899462884,,,2.8868499711129236,,-7.895892674923146,,,-9.172941997194785,,9289.0,,,15540.0,,589.0,,,2377.0,,803.0,,,353.0,
blueseasx.com,blueseasx.com,,,,,,241418294.0,585989891.0,,,,1511386271.0,6148904705.0,,,8487699161.0,827408185.0,7660290976.0,2026-Q3,4.775021150176087,,,2.593892287429199,,-5.550229559309988,,,-6.727572656195707,,9708.0,,,13963.0,,684.0,,,2524.0,,661.0,,,387.0,
verticalscope.com,verticalscope.com,,,,,,233969585.0,235227990.0,3550.0,,,1215667888.0,1266679839.0,1.0,,2951548853.0,469201125.0,2482347728.0,2026-Q3,4.757314026009798,,,2.6013230466856028,,-3.7030969306137953,,,0.5361827672288653,,9672.0,,,14003.0,,873.0,,,3359.0,,665.0,,,359.0,
contextweb.com,contextweb.com,,,,,,155325496.0,710209894.0,,,15293699.0,900811449.0,7413303392.0,,,9194943930.0,865535390.0,8329408540.0,2026-Q3,4.744033682885081,,0.06716062221066771,2.5101104768132445,,-10.559020903787815,,-3.2655451813934344,-14.831889434896029,,9645.0,,62.0,13512.0,,394.0,,4.0,1297.0,,910.0,,0.0,318.0,
houseofpubs.com,houseofpubs.com,,,,,,239050244.0,332358667.0,,,,1278058451.0,2886402742.0,,,4735870104.0,571408911.0,4164461193.0,2026-Q3,4.815354044110414,,,2.4774151360850674,,-5.716214342172121,,,-8.716021181483882,,9790.0,,,13336.0,,697.0,,,2162.0,,691.0,,,367.0,
amplifier.audio,amplifier.audio,,,,,,148147467.0,75558371.0,,,,1004174679.0,387585791.0,,,1615466308.0,223705838.0,1391760470.0,2026-Q3,4.689928581265863,,,2.57698731012088,,-6.489911700195655,,,-7.147011634269311,,9535.0,,,13872.0,,668.0,,,2468.0,,741.0,,,398.0,
analytics.google.com,Google Analytics,Analytics: Product,google.com,Google,company-logos/analytics.google.com/logo_200x200.jpeg,company-logos/google.com/logo_200x200.jpeg,,,,8326432.0,239125835.0,,,,2043173180.0,2290625447.0,8326432.0,2282299015.0,2026-Q3,,0.11591783743682478,2.6999835966974683,,6.442808832305549,,1.5649552041957182,-6.946110712321726,,-3.3451299716978826,,150.0,2469.0,,16194.0,,6.0,67.0,,350.0,,0.0,0.0,,342.0
mlion.io,mlion.io,,,,,,238707426.0,398299971.0,,,,1261502686.0,2956639296.0,0.0,,4855149379.0,637007397.0,4218141982.0,2026-Q3,4.77108623369469,,,2.4339451944351045,,-5.6475463298587725,,,-8.591095627699717,,9700.0,,,13102.0,,692.0,,,2144.0,,679.0,,,365.0,
adsmartx.ai,adsmartx.ai,,,,,,224950005.0,277899611.0,,,,1182810092.0,1596478632.0,,,3282138340.0,502849616.0,2779288724.0,2026-Q3,4.721899777677219,,,2.4110956097216625,,-6.145505446166514,,,-9.33713391492719,,9600.0,,,12979.0,,686.0,,,2237.0,,724.0,,,567.0,
adbro.me,adbro.me,,,,,,184555167.0,197954614.0,,,,990202253.0,1867889145.0,,,3240601179.0,382509781.0,2858091398.0,2026-Q3,4.775021150176087,,,2.366882592146059,,-7.564063589522742,,,-11.554921977403284,,9708.0,,,12741.0,,605.0,,,1689.0,,793.0,,,328.0,
tremorhub.com,Tremor,Ad Networks,tremorhub.com,Tremor,,,282526225.0,602923501.0,,,19194882.0,1650497520.0,5578101587.0,,,8133243715.0,885449726.0,7247793989.0,2026-Q3,4.537659114325309,,0.0991984186391285,2.597780492480762,,-7.93270880136832,,21.132939560568722,-9.799690003704875,,27570.0,,273.0,41871.0,,1386.0,,69.0,5865.0,,2010.0,,0.0,654.0,
getkeepsafe.com,Keepsafe,Business Tools,getkeepsafe.com,Keepsafe,company-logos/getkeepsafe.com/logo_200x200.jpeg,company-logos/getkeepsafe.com/logo_200x200.jpeg,,,164866.0,,,,,314894.0,1643107500.0,1643587260.0,164866.0,1643422394.0,2026-Q3,,,,,6.901133877063856,,,,,0.08045450886284565,,,,,26019.0,,,,,1512.0,,,,,609.0
vk.ru,vk.ru,,,,,,82566806.0,1819816.0,0.0,,3606084.0,1027589535.0,13220502.0,4604.0,,1128807347.0,84386622.0,1044420725.0,2026-Q3,3.850807641607807,,0.010832358421075437,3.1318792575928427,,-4.972901056915368,,13.116902812080248,-7.685867131415519,,7829.0,,10.0,16859.0,,589.0,,2.0,2750.0,,523.0,,0.0,318.0,
ozon.ru,ozon.ru,,,,,,81622441.0,1038233.0,1232369.0,,3262104.0,994529046.0,12646951.0,2453578.0,,1096784722.0,83893043.0,1012891679.0,2026-Q3,3.8026049147106855,,0.006499415052645263,3.1110731316749116,,-4.91303734418336,,-9.5064777503358,-7.800662493616441,,7731.0,,6.0,16747.0,,577.0,,0.0,2715.0,,507.0,,0.0,317.0,
yieldmo.com,yieldmo.com,,,,,,139047241.0,643821932.0,,,15067583.0,908999176.0,6941047629.0,,,8647983561.0,782869173.0,7865114388.0,2026-Q3,4.591063804670746,,0.05307855626326964,2.1538055704686765,,-10.089398691783867,,3.120525354268495,-14.242036534274124,,9334.0,,49.0,11594.0,,486.0,,6.0,1164.0,,934.0,,0.0,250.0,
mts.ru,mts.ru,,,,,,81523793.0,1038233.0,562718.0,,1998961.0,990929101.0,12641481.0,819631.0,,1089513918.0,83124744.0,1006389174.0,2026-Q3,3.745548625730419,,0.014082065947398067,3.015216337267301,,-4.887194501252566,,-1.9653508961971284,-7.428657039835859,,7615.0,,13.0,16231.0,,574.0,,1.0,2694.0,,503.0,,0.0,314.0,
appbroda.com,appbroda.com,,,,,,150218185.0,0.0,,,,896143599.0,734.0,,,1046362518.0,150218185.0,896144333.0,2026-Q3,4.184783677966435,,,2.4629251555350797,,-7.062969579833987,,,-8.00644639740755,,8508.0,,,13258.0,,663.0,,,2199.0,,781.0,,,326.0,
peak226.com,peak226.com,,,,,,98237594.0,593208721.0,,,,762463498.0,6108533316.0,,,7562443129.0,691446315.0,6870996814.0,2026-Q3,4.1178900977826745,,,2.4045936953723093,,-10.193523663236656,,,-12.513565538278772,,8372.0,,,12944.0,,449.0,,,1595.0,,861.0,,,339.0,
potensus.com,potensus.com,,,,,,121732954.0,,,,,599485223.0,,,,721218177.0,121732954.0,599485223.0,2026-Q3,4.265941330395262,,,2.2459469852480853,,-7.970482576296181,,,-8.103750048896172,,8673.0,,,12090.0,,608.0,,,2067.0,,815.0,,,370.0,
branch.io,Branch,Analytics: Attribution,branch.io,Branch,company-logos/branch.io/logo_200x200.jpeg,company-logos/branch.io/logo_200x200.jpeg,,,46316.0,339745040.0,246163248.0,,,78163.0,409276887.0,995309654.0,339791356.0,655518298.0,2026-Q3,,3.7232809384708117,1.8008328306795638,,2.3147006166699824,,-1.7636227505515911,-4.1244144507534095,,-3.723838105337709,,7227.0,4956.0,,8727.0,,105.0,277.0,,234.0,,51.0,0.0,,264.0
targetbetter.com,targetbetter.com,,,,,,191479634.0,466859829.0,,,,1251327925.0,4139423637.0,,,6049091025.0,658339463.0,5390751562.0,2026-Q3,3.925571054754363,,,2.6360618462092913,,148.93006335261126,,,233.62265469978277,,7981.0,,,14190.0,,5174.0,,,10966.0,,214.0,,,136.0,
targetspot.com,targetspot.com,,,,,,118424622.0,593294149.0,,,,709727933.0,5647421402.0,,,7068868106.0,711718771.0,6357149335.0,2026-Q3,4.428256635252917,,,1.9773250381290834,,-9.945149112657527,,,-14.006178580568406,,9003.0,,,10644.0,,464.0,,,1187.0,,881.0,,,321.0,
apg.digital,apg.digital,,,,,,97015408.0,717.0,,,,584015695.0,49954.0,,,681081774.0,97016125.0,584065649.0,2026-Q3,4.137564680189663,,,2.309851514853159,,-6.595671904400946,,,-8.406116427290986,,8412.0,,,12434.0,,487.0,,,2027.0,,561.0,,,317.0,
anzu.io,anzu.io,,,,,,138464430.0,496998720.0,,,37165161.0,732592787.0,4990139851.0,,,6395360949.0,635463150.0,5759897799.0,2026-Q3,4.19462096916993,,0.04766237705273192,2.190587828787876,,-5.873334374731848,,-9.506477750335801,-4.45779269201023,,8528.0,,44.0,11792.0,,805.0,,0.0,2371.0,,814.0,,0.0,329.0,
superawesome.tv,Super Awesome,Ad Networks,superawesome.tv,Super Awesome,company-logos/superawesome.tv/logo_200x200.jpeg,company-logos/superawesome.tv/logo_200x200.jpeg,60617662.0,73206046.0,0.0,9337163.0,18891920.0,482430863.0,416121845.0,0.0,125329776.0,1185935275.0,143160871.0,1042774404.0,2026-Q3,3.4716301667923015,0.14682926075331137,0.1482525817024338,2.360281896191771,0.3493137059876666,-9.094173818424329,-2.497643003972133,-3.8257705137242763,-11.011528085914243,-0.21052621725037982,21093.0,285.0,408.0,38043.0,1317.0,1050.0,0.0,24.0,5400.0,60.0,1803.0,0.0,0.0,1119.0,18.0
chocolateplatform.com,chocolateplatform.com,,,,,,98982450.0,525236221.0,,,171405.0,964629853.0,5130012400.0,,,6719032329.0,624218671.0,6094813658.0,2026-Q3,3.951148011883448,,0.0054161792105377185,2.4187121379594765,,-10.317834894727465,,50.82253708277366,-12.30750762157238,,8033.0,,5.0,13020.0,,455.0,,2.0,1504.0,,862.0,,0.0,213.0,
brightcom.com,brightcom.com,,,,,,115891521.0,564822819.0,,,,754010781.0,5805612775.0,,,7240337896.0,680714340.0,6559623556.0,2026-Q3,4.1547799397957785,,,2.1593786399109796,,-8.911989209574559,,,-14.268978645416434,,8447.0,,,11624.0,,445.0,,,1246.0,,736.0,,,333.0,
mixpanel.com,Mixpanel,Analytics: Product,mixpanel.com,Mixpanel,company-logos/mixpanel.com/logo_200x200.jpeg,company-logos/mixpanel.com/logo_200x200.jpeg,,,,72590588.0,96586538.0,,,,262311467.0,431488593.0,72590588.0,358898005.0,2026-Q3,,4.179224432388989,1.3964085085354243,,1.8436443206683906,,0.5516297930050991,-3.9335733929183943,,-1.4360631366490733,,8112.0,3843.0,,6951.0,,300.0,222.0,,303.0,,54.0,0.0,,165.0
thunder-monetize.com,thunder-monetize.com,,,,,,216355957.0,615113756.0,,,,1158842766.0,6857272614.0,,,8847585093.0,831469713.0,8016115380.0,2026-Q3,4.262990143034214,,,2.026182280239939,,-6.9655093744678265,,,-10.998462580246557,,8667.0,,,10907.0,,505.0,,,1542.0,,616.0,,,316.0,
divkit.tech,Divkit,Development Tools,yandex.com,Yandex,company-logos/divkit.tech/logo_200x200.png,company-logos/yandex.com/logo_200x200.jpeg,,,,63434185.0,,,,79.0,1045592520.0,1109026784.0,63434185.0,1045592599.0,2026-Q3,,1.4914761750204788,,,4.369206286055301,,-1.3734019903910943,,,0.5248634444305725,,1930.0,,,10982.0,,54.0,,,752.0,,32.0,,,324.0
gamoshi.io,gamoshi.io,,,,,,103663753.0,485184558.0,,,164015.0,641082204.0,4556753656.0,,,5786848186.0,588848311.0,5197999875.0,2026-Q3,4.323489483935703,,0.0054161792105377185,1.8760809432605803,,-9.02388434225848,,50.82253708277366,-13.947358352190106,,8790.0,,5.0,10099.0,,470.0,,2.0,1129.0,,784.0,,0.0,301.0,
stroeer.com,stroeer.com,,,,,,84773832.0,523665809.0,,,,650188020.0,4142402986.0,,,5401030647.0,608439641.0,4792591006.0,2026-Q3,4.131662305467566,,,2.035284960329034,,-10.877331809918225,,,-13.81251215344354,,8400.0,,,10956.0,,393.0,,,1190.0,,874.0,,,276.0,
decenterads.com,decenterads.com,,,,,,101642266.0,293489438.0,,,,964747362.0,1924884123.0,,,3284763189.0,395131704.0,2889631485.0,2026-Q3,4.145434513152459,,,1.9925580946047114,,-9.407170402680428,,,-15.080640715556177,,8428.0,,,10726.0,,467.0,,,1122.0,,805.0,,,374.0,
startapp.com,startapp.com,,,,,,121295464.0,547184477.0,0.0,,,669504631.0,5538423182.0,,,6876407754.0,668479941.0,6207927813.0,2026-Q3,3.4533810769866413,,,2.632346466581089,,-10.003977753060283,,,-15.023747576005833,,7021.0,,,14170.0,,322.0,,,1285.0,,652.0,,,288.0,
limpid.tv,limpid.tv,,,,,,187547867.0,527705686.0,,,,1283725308.0,4928330228.0,,,6927309089.0,715253553.0,6212055536.0,2026-Q3,4.062309402482932,,,2.114794084372556,,-7.001368316891391,,,-7.125311328203293,,8259.0,,,11384.0,,547.0,,,1926.0,,656.0,,,225.0,
bidnex.com,bidnex.com,,,,,,217952939.0,393514921.0,,,,1131648267.0,2731323861.0,0.0,,4474439988.0,611467860.0,3862972128.0,2026-Q3,4.0027937907017925,,,2.0038900024707273,,-4.375707233950405,,,-7.41588395255709,,8138.0,,,10787.0,,766.0,,,2092.0,,647.0,,,509.0,
bouncycastle.org,BouncyCastle,Development Tools,bouncycastle.org,BouncyCastle,company-logos/bouncycastle.org/logo_200x200.jpeg,company-logos/bouncycastle.org/logo_200x200.jpeg,,,,,,,,,1685430614.0,1685430614.0,,1685430614.0,2026-Q3,,,,,5.775213845235728,,,,,-0.44377564050617874,,,,,21774.0,,,,,1164.0,,,,,519.0
axonix.com,axonix.com,,,,,,129923765.0,642892051.0,,,218.0,1012048534.0,6379161097.0,,,8164025665.0,772815816.0,7391209849.0,2026-Q3,4.318078973773782,,0.0010832358421075437,1.6914265757389426,,-8.097981232433089,,,-13.684064058549545,,8779.0,,1.0,9105.0,,481.0,,1.0,1047.0,,703.0,,0.0,275.0,
odeeo.io,Odeeo,Ad Networks,odeeo.io,Odeeo,company-logos/odeeo.io/logo_200x200.jpeg,company-logos/odeeo.io/logo_200x200.jpeg,105206684.0,479704163.0,0.0,20808613.0,,658091193.0,4187651195.0,2.0,150762670.0,5602224520.0,605719460.0,4996505060.0,2026-Q3,3.5792699586228687,0.20710653622046027,,1.582455380602668,0.4201312910284464,-9.060471530960744,-2.4976430039721196,,-10.557929888622931,-2.8408377618005676,21747.0,402.0,,25506.0,1584.0,1206.0,6.0,,3822.0,42.0,1974.0,6.0,,837.0,33.0
gothamads.com,gothamads.com,,,,,,65092369.0,520621402.0,,,,645944880.0,5425549005.0,,,6657207656.0,585713771.0,6071493885.0,2026-Q3,3.5670017903869993,,,2.294804227358941,,-9.433139034771768,,,-11.406806748683358,,7252.0,,,12353.0,,389.0,,,1601.0,,682.0,,,263.0,
adagio.io,adagio.io,,,,,,146483571.0,568173524.0,,,,1025803359.0,5913512808.0,,,7653973262.0,714657095.0,6939316167.0,2026-Q3,3.908355795148248,,,1.961720443690635,,-8.84833073767292,,,-9.541117970372582,,7946.0,,,10560.0,,445.0,,,1598.0,,713.0,,,260.0,
omgstudios.com,omgstudios.com,,,,,,112351631.0,374778506.0,,,,818979535.0,2611772846.0,391.0,,3917882909.0,487130137.0,3430752772.0,2026-Q3,3.7406299801286713,,,2.1294698339039537,,-7.65608960524879,,,-7.888678718493869,,7605.0,,,11463.0,,486.0,,,1920.0,,641.0,,,288.0,
milkywase.com,milkywase.com,,,,,,206894017.0,66557061.0,,,,1050812617.0,377169509.0,,,1701433204.0,273451078.0,1427982126.0,2026-Q3,3.838511027603439,,,1.9468589251778274,,-6.254497826751239,,,-10.440066677061312,,7804.0,,,10480.0,,603.0,,,1725.0,,643.0,,,489.0,
gadsme.com,Gadsme,Ad Networks,gadsme.com,Gadsme,company-logos/gadsme.com/logo_200x200.jpeg,company-logos/gadsme.com/logo_200x200.jpeg,135265699.0,238165625.0,,3110182.0,56931906.0,924356108.0,1560140561.0,,190109141.0,3108079222.0,376541506.0,2731537716.0,2026-Q3,3.3160956052022605,0.021637996321540624,0.14716248918991592,2.0351172819935983,0.42092699423115176,-6.751417663180096,-2.49764300397212,0.9899541518500625,-6.909473388682133,-1.1505468150901976,20148.0,42.0,405.0,32802.0,1587.0,1212.0,3.0,42.0,6114.0,75.0,1407.0,3.0,0.0,1140.0,39.0
ucfunnel.com,ucfunnel.com,,,,,,146788747.0,611694875.0,,,,1058285633.0,6725797169.0,,,8542566424.0,758483622.0,7784082802.0,2026-Q3,3.8212957679973245,,,1.9542896844342312,,-9.512755379545176,,,-12.860237301328024,,7769.0,,,10520.0,,432.0,,,1297.0,,753.0,,,314.0,
smoot.ai,smoot.ai,,,,,,135436847.0,416076234.0,,,,735118150.0,3237158349.0,,,4523789580.0,551513081.0,3972276499.0,2026-Q3,3.4646939618706596,,,2.2936896134704803,,-5.397953594412725,,,-7.380112080500009,,7044.0,,,12347.0,,480.0,,,2316.0,,452.0,,,500.0,
adipolosolutions.com,adipolosolutions.com,,,,,,110978071.0,303449726.0,,,,815464743.0,2763961820.0,,,3993854360.0,414427797.0,3579426563.0,2026-Q3,3.957050386605544,,,1.7924849016260358,,-9.680902476869116,,,-12.706683235001872,,8045.0,,,9649.0,,442.0,,,1213.0,,790.0,,,296.0,
playdigo.com,playdigo.com,,,,,,156197332.0,579548074.0,,,8024466.0,976560843.0,6407518629.0,,,8127849344.0,735745406.0,7392103938.0,2026-Q3,3.929997835795935,,0.010832358421075437,1.8379983020715098,,-5.466379281065877,,0.5483580551824484,-5.751888585023622,,7990.0,,10.0,9894.0,,631.0,,1.0,1891.0,,605.0,,0.0,290.0,
aralego.com,aralego.com,,,,,,147256106.0,625981149.0,,,100129.0,1061278069.0,6792079050.0,,,8626694503.0,773237255.0,7853457248.0,2026-Q3,3.790800165266492,,0.0032497075263226314,1.9204797298175935,,-9.597933915108106,,-9.5064777503358,-13.386954851385887,,7707.0,,3.0,10338.0,,421.0,,0.0,1215.0,,747.0,,0.0,306.0,
lacunaads.com,lacunaads.com,,,,,,70066782.0,946965.0,,,,781909432.0,11671170.0,,,864594349.0,71013747.0,793580602.0,2026-Q3,3.138095893914652,,,2.483731281453011,,-4.501685099072918,,,-5.932106449814248,,6380.0,,,13370.0,,465.0,,,2349.0,,380.0,,,207.0,
adingo.jp,adingo.jp,,,,,,75801729.0,573281292.0,,,238570.0,838816075.0,5635876678.0,,,7124014344.0,649083021.0,6474931323.0,2026-Q3,3.4150156412930137,,0.01841500931582824,2.135600210290487,,-10.93109171043413,,-9.506477750335797,-12.31502255238215,,6943.0,,17.0,11496.0,,296.0,,0.0,1329.0,,698.0,,0.0,190.0,
salesforce.com,Salesforce,Business Tools,salesforce.com,Salesforce,company-logos/salesforce.com/logo_200x200.jpeg,company-logos/salesforce.com/logo_200x200.jpeg,4735.0,,344734.0,166395169.0,49986528.0,0.0,,459126.0,298189631.0,515379923.0,166744638.0,348635285.0,2026-Q3,0.0014812815389527668,1.6053332509028713,0.5181573076168398,0.0003722548531175413,1.5325243684105827,-5.848922449973839,0.4022949106486902,-6.3300939145023785,,-3.3761557418570667,9.0,3116.0,1426.0,6.0,5778.0,0.0,102.0,48.0,6.0,162.0,0.0,12.0,0.0,0.0,161.0
greedygame.com,greedygame.com,,,,,,78619768.0,131723623.0,,,15424996.0,1156711863.0,1061798308.0,,,2444278558.0,210343391.0,2233935167.0,2026-Q3,3.204005744978063,,0.08232592400017331,2.2922034616192,,-8.294012167981103,,-8.29989745367361,-8.859461333683353,,6514.0,,76.0,12339.0,,502.0,,1.0,1985.0,,681.0,,0.0,341.0,
kidoz.net,Kidoz,Ad Networks,kidoz.net,Kidoz,company-logos/kidoz.net/logo_200x200.jpeg,company-logos/kidoz.net/logo_200x200.jpeg,58474167.0,601735144.0,0.0,540650.0,52363913.0,487450648.0,5991699943.0,0.0,151088680.0,7343353145.0,660749961.0,6682603184.0,2026-Q3,2.8593671306918242,0.013910140492418973,0.19512655974070334,2.1516330510193886,0.4567336383528944,-7.273998283639199,25.360173280607285,-5.799249914947426,-9.331036560858703,-0.26530977326751787,17373.0,27.0,537.0,34680.0,1722.0,960.0,6.0,21.0,5130.0,75.0,1227.0,0.0,0.0,657.0,21.0
bidease.com,BidEase,Ad Networks,bidease.com,BidEase,company-logos/bidease.com/logo_200x200.jpeg,company-logos/bidease.com/logo_200x200.jpeg,75290408.0,609459999.0,102.0,151014.0,651413463.0,804142661.0,6804089519.0,,2238281.0,8946785447.0,684901523.0,8261883924.0,2026-Q3,3.035639633827204,0.009273426994945983,3.4261607668437466,2.4855456542658234,0.011139844837875472,-3.2200593918139218,-2.4976430039721067,36.644901746223496,-4.7397583983029765,12.708308467608237,18444.0,18.0,9429.0,40062.0,42.0,1584.0,0.0,3183.0,7455.0,6.0,1083.0,0.0,0.0,606.0,0.0
kueez.com,kueez.com,,,,,,159565120.0,266833754.0,,,,699831865.0,2057255004.0,,,3183485743.0,426398874.0,2757086869.0,2026-Q3,3.7868652487850945,,,1.6317947327063012,,-8.69150549471219,,,-13.282610458673961,,7699.0,,,8784.0,,406.0,,,1018.0,,652.0,,,236.0,
adsbynimbus.com,Nimbus,Ad Networks,adsbynimbus.com,Nimbus,company-logos/adsbynimbus.com/logo_200x200.jpeg,company-logos/adsbynimbus.com/logo_200x200.jpeg,115740028.0,5001767.0,,10809923.0,25440882.0,878211238.0,52722611.0,,36911025.0,1124837474.0,131551718.0,993285756.0,2026-Q3,3.130935412833165,0.1375558337583654,0.043603700500715825,2.0715982575991174,0.105828525959817,-6.365749255847562,-0.25620950981055884,13.146152336794973,-9.007584207082466,-3.3928784563357794,19023.0,267.0,120.0,33390.0,399.0,975.0,9.0,24.0,5175.0,9.0,1080.0,3.0,0.0,765.0,9.0
adsmovil.com,adsmovil.com,,,,,,189811825.0,179709082.0,,,312.0,1077414920.0,1074305882.0,,,2521242021.0,369520907.0,2151721114.0,2026-Q3,3.430755307218604,,0.0010832358421075437,1.9646927473931968,,-2.227556761594659,,-9.5064777503358,-5.1888598087585285,,6975.0,,1.0,10576.0,,614.0,,0.0,2083.0,,361.0,,0.0,319.0,
hindsightsolutions.net,hindsightsolutions.net,,,,,,82729278.0,430710462.0,,,,694411232.0,3413722977.0,,,4621573949.0,513439740.0,4108134209.0,2026-Q3,3.010211108269227,,,2.351835304651841,,-7.5415854096476735,,,-7.371843648543851,,6120.0,,,12660.0,,390.0,,,2050.0,,507.0,,,187.0,
nextmillennium.io,nextmillennium.io,,,,,,131227151.0,431270708.0,,,,1015831965.0,3612985234.0,,,5191315058.0,562497859.0,4628817199.0,2026-Q3,3.7647313435772323,,,1.5442975424621448,,-9.612004166217957,,,-12.707057231913502,,7654.0,,,8313.0,,399.0,,,1033.0,,724.0,,,243.0,
integralstream.com,integralstream.com,,,,,,133323856.0,153315954.0,,,,798766883.0,1297475568.0,,,2382882261.0,286639810.0,2096242451.0,2026-Q3,3.1469494559977966,,,2.1155371602981963,,-5.596936997174767,,,-8.500650963079085,,6398.0,,,11388.0,,429.0,,,2096.0,,417.0,,,540.0,
nobid.io,nobid.io,,,,,,108548600.0,508129020.0,,,,851597780.0,4893817799.0,,,6362093199.0,616677620.0,5745415579.0,2026-Q3,3.5596238219843785,,,1.6470277891819292,,-11.151325608635133,,,-14.887552289382743,,7237.0,,,8866.0,,338.0,,,886.0,,776.0,,,249.0,
pmbmonetize.com,pmbmonetize.com,,,,,,100831201.0,128381856.0,,,,712318098.0,1604865618.0,,,2546396773.0,229213057.0,2317183716.0,2026-Q3,3.5881519664745114,,,1.6037436165133763,,-9.57923124630944,,,-12.566159717406322,,7295.0,,,8633.0,,419.0,,,1076.0,,726.0,,,243.0,
districtm.io,districtm.io,,,,,,127747155.0,528075391.0,,,,896253857.0,4996102961.0,,,6548179364.0,655822546.0,5892356818.0,2026-Q3,3.567985519507348,,,1.5942693984614613,,-10.229128186695146,,,-15.053866639676219,,7254.0,,,8582.0,,332.0,,,855.0,,692.0,,,254.0,
upravel.com,upravel.com,,,,,,60253107.0,946965.0,,,4678.0,714327464.0,11671170.0,,,787203384.0,61200072.0,726003312.0,2026-Q3,2.865602927577862,,0.0010832358421075437,2.319325732905074,,-3.910259542593479,,-9.5064777503358,-5.428931701100953,,5826.0,,1.0,12485.0,,449.0,,0.0,2234.0,,336.0,,0.0,178.0,
disqus.com,disqus.com,,,,,,87330298.0,370343688.0,,,1889816.0,700840431.0,3017171707.0,,,4177575940.0,457673986.0,3719901954.0,2026-Q3,3.2281071084266233,,0.024914424368473503,1.8454290613279138,,-9.178256622972567,,22.432412455428036,-10.323450898824289,,6563.0,,23.0,9934.0,,405.0,,6.0,1408.0,,651.0,,0.0,225.0,
display.io,Display.io,Ad Networks,display.io,Display.io,company-logos/display.io/logo_200x200.jpeg,company-logos/display.io/logo_200x200.jpeg,130510427.0,602196745.0,,,9887916.0,861759602.0,6576274006.0,,3995437.0,8184624133.0,732707172.0,7451916961.0,2026-Q3,3.0290561603207466,,0.011627653466857554,2.060492654481111,0.02466679928386712,-6.093841793264596,,15.86165999287807,-7.163253387080378,19.792830714143644,18404.0,,32.0,33211.0,93.0,1212.0,,7.0,5667.0,21.0,1260.0,,0.0,708.0,3.0
bidstrade.io,bidstrade.io,,,,,,184423952.0,170323426.0,,,,988229561.0,963805307.0,,,2306782246.0,354747378.0,1952034868.0,2026-Q3,3.2492572845141363,,,1.8203502488375507,,-4.662740276138985,,,-8.897864944459904,,6606.0,,,9799.0,,417.0,,,1617.0,,340.0,,,315.0,
tradplusad.com,TradPlus,Ad Networks,tradplusad.com,TradPlus,company-logos/tradplusad.com/logo_200x200.jpeg,company-logos/tradplusad.com/logo_200x200.jpeg,104153671.0,535862441.0,,13553733.0,83366511.0,988823433.0,4964091157.0,,263261202.0,6953112148.0,653569845.0,6299542303.0,2026-Q3,2.2224160689421346,0.2395635307027712,0.3913432119939246,1.6665849774072328,0.856972349313706,-1.9268687681861092,1.428626405263903,1.8670061163872158,-2.4906071807125443,1.1135761929313626,13503.0,465.0,1077.0,26862.0,3231.0,1509.0,18.0,120.0,5592.0,195.0,969.0,0.0,0.0,486.0,51.0
advertising.com,advertising.com,,,,,,102332654.0,630485752.0,,,,709126125.0,6184288932.0,,,7626233463.0,732818406.0,6893415057.0,2026-Q3,3.4140319121726637,,,1.55414329847688,,-11.654372635012148,,,-14.910304240916595,,6941.0,,,8366.0,,297.0,,,838.0,,759.0,,,239.0,
aceex.io,aceex.io,,,,,,67159761.0,519501806.0,,,,742983663.0,4983551572.0,,,6313196802.0,586661567.0,5726535235.0,2026-Q3,2.8410096995691263,,,2.147489425100733,,-7.785600281809903,,,-8.33994373412013,,5776.0,,,11560.0,,321.0,,,1870.0,,447.0,,,273.0,
pokkt.com,pokkt.com,,,,,,91555794.0,627591672.0,,,33613.0,553203433.0,6374626677.0,,,7647011189.0,719147466.0,6927863723.0,2026-Q3,3.0549707832451256,,0.0010832358421075437,1.8433856025324027,,-10.922724813472536,,-9.5064777503358,-16.107608032010738,,6211.0,,1.0,9923.0,,278.0,,0.0,884.0,,637.0,,0.0,305.0,
incrementx.com,incrementx.com,,,,,,113743938.0,172477866.0,,,,1016605099.0,1030997578.0,,,2333824481.0,286221804.0,2047602677.0,2026-Q3,3.2920495012493363,,,1.5270210271910059,,-8.983312035671222,,,-12.426425258551683,,6693.0,,,8220.0,,362.0,,,1087.0,,598.0,,,282.0,
sabio.us,Sabio Mobile Inc.,Ad Networks,sabio.us,Sabio Mobile Inc.,company-logos/sabio.us/logo_200x200.jpeg,company-logos/sabio.us/logo_200x200.jpeg,84237791.0,574321436.0,,,,767458303.0,6175970378.0,,,7601987908.0,658559227.0,6943428681.0,2026-Q3,2.980338456372967,,,1.8638800495595294,,-8.634099020585538,,,-11.745213786970575,,18108.0,,,30042.0,,1071.0,,,3930.0,,1623.0,,,771.0,
opamarketplace.com,opamarketplace.com,,,,,,86439446.0,125445701.0,,,16658.0,645803120.0,1558184484.0,,,2415889409.0,211885147.0,2204004262.0,2026-Q3,3.2669644086804257,,0.0010832358421075437,1.4868949272064245,,-9.585509273836971,,-9.5064777503358,-11.899869956820964,,6642.0,,1.0,8004.0,,406.0,,0.0,1041.0,,686.0,,0.0,214.0,
nativo.com,nativo.com,,,,,,96939417.0,480569033.0,0.0,,629.0,866008237.0,3821162129.0,,,5264679445.0,577508450.0,4687170995.0,2026-Q3,3.378617663840085,,0.009749122578967892,1.3956823573340664,,-3.1949734902510905,,1.8052125308722065,-6.988411840695013,,6869.0,,9.0,7513.0,,771.0,,1.0,1233.0,,588.0,,0.0,101.0,
bidtox.com,bidtox.com,,,,,,105943785.0,203091578.0,0.0,,,614158855.0,1195878654.0,,,2119072872.0,309035363.0,1810037509.0,2026-Q3,2.9315127786412734,,,1.841713681699712,,-8.222426623381256,,,-6.853052500666745,,5960.0,,,9914.0,,393.0,,,1685.0,,552.0,,,179.0,
pixelverge.com,pixelverge.com,,,,,,92442499.0,5437833.0,,,,649317800.0,53799675.0,,,800997807.0,97880332.0,703117475.0,2026-Q3,3.198103370255966,,,1.5422540836666339,,9.344541234439605,,,11.215166662509377,,6502.0,,,8302.0,,1387.0,,,2678.0,,488.0,,,273.0,
vdo.ai,vdo.ai,,,,,,91128690.0,312873506.0,,,,922649827.0,1827491920.0,1.0,,3154143944.0,404002196.0,2750141748.0,2026-Q3,2.772640525704842,,,1.9290251029624579,,-1.6567352585167838,,,-9.2780048762143,,5637.0,,,10384.0,,677.0,,,1603.0,,441.0,,,261.0,
byyd.me,byyd.me,,,,,,56737664.0,946965.0,,,,672316905.0,11671170.0,,,741672704.0,57684629.0,683988075.0,2026-Q3,2.6181950538099827,,,2.1445171213981715,,-3.9147493748420374,,,-4.60824442584043,,5323.0,,,11544.0,,421.0,,,2149.0,,318.0,,,165.0,
vrtcal.com,vrtcal.com,,,,,,150771070.0,97102606.0,,,2297197.0,772742377.0,629133673.0,,,1652046923.0,247873676.0,1404173247.0,2026-Q3,2.9502036319279124,,0.004332943368430175,1.7560741812696568,,-5.1891361240063345,,80.9870444993284,-7.096073001491017,,5998.0,,4.0,9453.0,,324.0,,2.0,1613.0,,287.0,,0.0,198.0,
tubia.com,tubia.com,,,,,,92633390.0,489025821.0,,,,683330577.0,3843224107.0,,,5108213895.0,581659211.0,4526554684.0,2026-Q3,2.7559171306589016,,,1.9136062775054197,,-5.419511142387112,,,-7.116596110285112,,5603.0,,,10301.0,,325.0,,,1870.0,,304.0,,,330.0,
singular.net,Singular,Analytics: Attribution,singular.net,Singular,company-logos/singular.net/logo_200x200.jpeg,company-logos/singular.net/logo_200x200.jpeg,,,0.0,81445632.0,259103515.0,,,89.0,693140291.0,1033689527.0,81445632.0,952243895.0,2026-Q3,,1.4590191805381678,1.31065456421735,,2.9385319275910087,,0.7026531775167513,-4.449945220059808,,1.0393938999580714,,2832.0,3607.0,,11079.0,,117.0,190.0,,717.0,,27.0,0.0,,231.0
adtelligent.com,adtelligent.com,,,,,,54780109.0,436568422.0,,,43217.0,663930575.0,4050417580.0,,,5205739903.0,491348531.0,4714391372.0,2026-Q3,3.1572786117614653,,0.0075826508947528055,1.4352511503744174,,-10.83050178733125,,26.690931149529884,-12.50955053885191,,6419.0,,7.0,7726.0,,324.0,,2.0,919.0,,688.0,,0.0,169.0,
ortb.net,ortb.net,,,,,,85678102.0,237276012.0,,,4764529.0,656204882.0,1934321504.0,,,2918245029.0,322954114.0,2595290915.0,2026-Q3,2.721978476006847,,0.01841500931582824,1.9533608395271809,,-4.793373257229198,,9.884991303163654,-5.219428319861253,,5534.0,,17.0,10515.0,,344.0,,3.0,1955.0,,287.0,,0.0,204.0,
adiiix.com,adiiix.com,,,,,,130139250.0,601642984.0,,,,918369305.0,6043275170.0,,,7693426709.0,731782234.0,6961644475.0,2026-Q3,3.0293938261160407,,,1.5396533179268925,,-9.491898647033087,,,-12.702683309090478,,6159.0,,,8288.0,,372.0,,,1059.0,,625.0,,,271.0,
bid-matrix.com,bid-matrix.com,,,,,,71820793.0,548279499.0,,,,763977241.0,4843073654.0,,,6227151187.0,620100292.0,5607050895.0,2026-Q3,2.6481987919806405,,,1.9137920464868299,,-7.727756569490851,,,-12.688499215932628,,5384.0,,,10302.0,,311.0,,,1286.0,,425.0,,,305.0,
adriver.ru,adriver.ru,,,,,,55361753.0,155237392.0,,,69514.0,639713293.0,2140961278.0,,,2991343230.0,210599145.0,2780744085.0,2026-Q3,2.501623153048577,,0.0075826508947528055,2.072996063555284,,-5.121075864905398,,5.575775957941554,-5.7185870538431205,,5086.0,,7.0,11159.0,,346.0,,1.0,1973.0,,311.0,,0.0,164.0,
sber.ru,sber.ru,,,,,,55434987.0,946965.0,,,3122442.0,640912406.0,11665700.0,,,712082500.0,56381952.0,655700548.0,2026-Q3,2.50408247584945,,0.019498245157935783,2.0568341621726054,,-4.020693114044963,,-9.506477750335812,-4.773168939239037,,5091.0,,18.0,11072.0,,400.0,,0.0,2048.0,,307.0,,0.0,161.0,
spotxchange.com,spotxchange.com,,,,,,91285520.0,618578694.0,,,,851093148.0,5975876817.0,,,7536834179.0,709864214.0,6826969965.0,2026-Q3,2.821826981722313,,,1.6460989442748788,,-12.54253792888502,,,-16.548003629211866,,5737.0,,,8861.0,,187.0,,,654.0,,631.0,,,181.0,
sape.ru,sape.ru,,,,,,55434204.0,946965.0,,,442.0,630868195.0,11671170.0,,,698920976.0,56381169.0,642539807.0,2026-Q3,2.497196372007004,,0.0010832358421075437,2.0443876404181287,,-4.0157681001184375,,-9.5064777503358,-4.800085178536239,,5077.0,,1.0,11005.0,,400.0,,0.0,2034.0,,307.0,,0.0,161.0,
gumgum.com,gumgum.com,,,,,,74413809.0,431876196.0,0.0,,6923768.0,318673642.0,3807096718.0,,,4638984133.0,506290005.0,4132694128.0,2026-Q3,2.796250024593228,,0.04766237705273192,1.6277078151152788,,-10.166892342562452,,24.42859309328827,-16.3939352773648,,5685.0,,44.0,8762.0,,231.0,,12.0,638.0,,509.0,,0.0,155.0,
journeyapps.com,JourneyApps,Business Tools,journeyapps.com,JourneyApps,company-logos/journeyapps.com/logo_200x200.jpeg,company-logos/journeyapps.com/logo_200x200.jpeg,,,0.0,,,,,42.0,570335421.0,570335463.0,0.0,570335463.0,2026-Q3,,,,,4.2665605729063065,,,,,-2.3180490821935518,,,,,16086.0,,,,,516.0,,,,,339.0
advibe.media,advibe.media,,,,,,106998956.0,404083239.0,,,,747991174.0,2893527682.0,,,4152601051.0,511082195.0,3641518856.0,2026-Q3,2.646723198300116,,,1.7805956868157897,,-5.686362281407196,,,-6.055904114146341,,5381.0,,,9585.0,,316.0,,,1809.0,,311.0,,,284.0,
hicloud.com,Huawei,Ad Networks,hicloud.com,Huawei,company-logos/hicloud.com/logo_200x200.jpeg,company-logos/hicloud.com/logo_200x200.jpeg,17940420.0,532296282.0,,,593161.0,146732611.0,5410470224.0,,625543979.0,6733576677.0,550236702.0,6183339975.0,2026-Q3,1.0823230444614882,,0.0021801850250357914,0.6495847186901096,1.903322060871295,-7.701627017147872,,-9.483078130564014,-11.80122305572842,-2.17966640364973,6576.0,,6.0,10470.0,7176.0,327.0,,0.0,1224.0,301.0,459.0,,0.0,129.0,212.0
tcl.com,TCL Technology Group Corporation,Publishers,tcl.com,TCL Technology Group Corporation,company-logos/tcl.com/logo_200x200.jpeg,company-logos/tcl.com/logo_200x200.jpeg,159988460.0,506538.0,11933.0,,315907.0,975903013.0,3394001.0,6342263.0,,1146462115.0,160506931.0,985955184.0,2026-Q3,2.7413583680885876,,0.0010900925125178957,1.7211203133889523,,-5.3374171391261624,,-9.483078130564014,-5.15874548760845,,16656.0,,3.0,27741.0,,1092.0,,0.0,5097.0,,1002.0,,0.0,456.0,
stripe.com,Stripe,Business Tools,stripe.com,Stripe,company-logos/stripe.com/logo_200x200.jpeg,company-logos/stripe.com/logo_200x200.jpeg,,,18367.0,198438178.0,11063715.0,,,65760.0,394815002.0,604401022.0,198456545.0,405944477.0,2026-Q3,,2.310628892907374,0.36808790506020944,,1.7903322060871294,,0.3207320778126095,-5.275163374236922,,-2.6574010419863567,,4485.0,1013.0,,6750.0,,150.0,45.0,,240.0,,24.0,0.0,,189.0
fivecdm.com,fivecdm.com,,,,,,124189443.0,56241492.0,,,67624340.0,535317288.0,211818695.0,,,995191258.0,180430935.0,814760323.0,2026-Q3,2.8783914061424047,,0.3184713375796179,1.504542980440384,,-3.968902249513351,,-7.621196036801117,-9.067740233460619,,5852.0,,294.0,8099.0,,522.0,,6.0,1213.0,,412.0,,0.0,150.0,
braze.com,Braze,Analytics: Product,braze.com,Braze,company-logos/braze.com/logo_200x200.jpeg,company-logos/braze.com/logo_200x200.jpeg,,,0.0,250827665.0,200536297.0,,,17.0,347237711.0,798601690.0,250827665.0,547774025.0,2026-Q3,,2.372451739540347,1.1594950691482018,,1.7951064253033617,,0.31241152071232353,-5.080677724163577,,-3.5638645121652943,,4605.0,3191.0,,6768.0,,144.0,148.0,,177.0,,15.0,0.0,,189.0
adtarget.com.tr,adtarget.com.tr,,,,,,45431084.0,285856954.0,,,3887.0,374791905.0,2512810545.0,,,3218894375.0,331288038.0,2887606337.0,2026-Q3,2.9890609321817143,,0.004332943368430175,1.2972247971867146,,-14.266894188184034,,80.9870444993284,-12.949604090316495,,6077.0,,4.0,6983.0,,261.0,,2.0,859.0,,863.0,,0.0,213.0,
revealon.media,revealon.media,,,,,,85655474.0,338805965.0,,,,647534263.0,2126345802.0,,,3198341504.0,424461439.0,2773880065.0,2026-Q3,2.5198221417750406,,,1.8784959400189112,,-3.8023499645869325,,,-4.845621677981911,,5123.0,,,10112.0,,334.0,,,1920.0,,229.0,,,203.0,
mediaverse.ai,mediaverse.ai,,,,,,118665760.0,470840729.0,,,,616714695.0,3507805844.0,,,4714027028.0,589506489.0,4124520539.0,2026-Q3,3.0362799299584866,,,1.290351344874541,,-9.342719778332706,,,-13.845900824120868,,6173.0,,,6946.0,,380.0,,,797.0,,623.0,,,220.0,
rhebus.works,rhebus.works,,,,,,95278425.0,634163838.0,,,,563383382.0,6968332166.0,,,8261157811.0,729442263.0,7531715548.0,2026-Q3,2.9502036319279124,,,1.3863939082635617,,-9.268332065371926,,,-14.395661751192351,,5998.0,,,7463.0,,282.0,,,767.0,,513.0,,,191.0,
orbrx.ai,orbrx.ai,,,,,,54911134.0,130193868.0,,,,604390408.0,1202702127.0,,,1992197537.0,185105002.0,1807092535.0,2026-Q3,2.3914454915694416,,,1.944258159438086,,-4.775135860638879,,,-4.835858539335995,,4862.0,,,10466.0,,360.0,,,1907.0,,309.0,,,129.0,
originmedia.tv,originmedia.tv,,,,,,147182933.0,561559.0,,,,955454653.0,3176548.0,,,1106375693.0,147744492.0,958631201.0,2026-Q3,2.614260137328585,,,1.725793837299811,,-4.824933438255475,,,-4.9986795673064055,,5315.0,,,9290.0,,368.0,,,1717.0,,315.0,,,152.0,
zetaglobal.com,Zeta Global,Ad Networks,zetaglobal.com,Zeta Global,company-logos/zetaglobal.com/logo_200x200.jpeg,company-logos/zetaglobal.com/logo_200x200.jpeg,66950445.0,601889544.0,,446850.0,65351695.0,648564197.0,6674718357.0,318.0,251390.0,8058172796.0,669286839.0,7388885957.0,2026-Q3,2.864146593646883,0.003091142331648661,0.15036360653944994,1.188546580518232,0.0031828128108215632,-9.983558618503938,-2.4976430039721156,-3.130733044655059,-13.244594357912026,-3.392878456335793,11579.0,6.0,275.0,12759.0,12.0,677.0,0.0,18.0,1471.0,3.0,1204.0,0.0,0.0,325.0,3.0
adsparc.com,adsparc.com,,,,,,160483316.0,73669731.0,,,,844702590.0,461755100.0,,,1540610737.0,234153047.0,1306457690.0,2026-Q3,3.0062761917878293,,,1.214557600459221,,-9.717930116851743,,,-13.152085621778815,,6112.0,,,6538.0,,362.0,,,801.0,,629.0,,,210.0,
9dotsmedia.com,9dotsmedia.com,,,,,,103534400.0,498889098.0,,,,523918713.0,4023514180.0,,,5149856391.0,602423498.0,4547432893.0,2026-Q3,2.984634151140142,,,1.2414941027636852,,-9.502472348881623,,,-12.621787532316569,,6068.0,,,6683.0,,298.0,,,876.0,,548.0,,,235.0,
pubrise.ai,pubrise.ai,,,,,,141770623.0,6875958.0,,,,709304107.0,52314530.0,,,910265218.0,148646581.0,761618637.0,2026-Q3,3.066283668129144,,,1.1434080805791533,,-7.742281133998446,,,-11.239764653909816,,6234.0,,,6155.0,,393.0,,,842.0,,526.0,,,165.0,
tredio.io,tredio.io,,,,,,76825704.0,564452083.0,,,76697.0,490633618.0,6031111133.0,,,7163099235.0,641277787.0,6521821448.0,2026-Q3,2.716567965844925,,0.0021664716842150875,1.4844799304480933,,-6.736521747500639,,-9.5064777503358,-4.958195118428261,,5523.0,,2.0,7991.0,,396.0,,0.0,1518.0,,453.0,,0.0,169.0,
adyugo.com,adyugo.com,,,,,,34552760.0,380349.0,,,,453511158.0,349516.0,,,488793783.0,34933109.0,453860674.0,2026-Q3,2.0122179156747397,,,2.1723824686096864,,1.7630870876172728,,,-1.4829068077289038,,4091.0,,,11694.0,,545.0,,,2462.0,,242.0,,,145.0,
k-words.io,k-words.io,,,,,,102780103.0,5001767.0,,,117.0,727542575.0,52722611.0,,,888047173.0,107781870.0,780265303.0,2026-Q3,2.483424164322112,,0.0010832358421075437,1.6786085160216457,,-4.983606204309431,,-9.5064777503358,-5.828512085009926,,5049.0,,1.0,9036.0,,309.0,,0.0,1741.0,,267.0,,0.0,285.0,
adster.tech,adster.tech,,,,,,34342953.0,1180784.0,0.0,,1830078.0,452514706.0,6062236.0,1.0,,495930758.0,35523737.0,460407021.0,2026-Q3,2.229130186711787,,0.004332943368430175,1.8916855376990283,,-2.21382167662232,,20.658029666218926,-2.611402363338586,,4532.0,,4.0,10183.0,,521.0,,1.0,2215.0,,356.0,,0.0,292.0,
theimpact.digital,theimpact.digital,,,,,,102831152.0,332349122.0,,,,725204304.0,1909427740.0,,,3069812318.0,435180274.0,2634632044.0,2026-Q3,2.4726031439982683,,,1.6765650572261346,,-5.037267102525205,,,-5.806459537570671,,5027.0,,,9025.0,,306.0,,,1740.0,,267.0,,,284.0,
makroo.com,makroo.com,,,,,,78097367.0,,,,,317645186.0,,,,395742553.0,78097367.0,317645186.0,2026-Q3,2.3501288685147657,,,1.746971501180562,,-6.147209253177993,,,-6.010767204007066,,4778.0,,,9404.0,,346.0,,,1725.0,,365.0,,,225.0,
persona.ly,Persona.ly,Ad Networks,persona.ly,Persona.ly,company-logos/persona.ly/logo_200x200.jpeg,company-logos/persona.ly/logo_200x200.jpeg,48225485.0,946965.0,,,,558621468.0,11665700.0,,,619459618.0,49172450.0,570287168.0,2026-Q3,2.2490791366432843,,,1.8837956842013177,,-3.7571458167932588,,,-3.849222175212181,,13665.0,,,30363.0,,1161.0,,,5784.0,,864.0,,,360.0,
mindtos.,mindtos.,,,,,,48224251.0,946965.0,,,,546588151.0,11665700.0,,,607425067.0,49171216.0,558253851.0,2026-Q3,2.2315895095126606,,,1.864749035394564,,-3.6720660775505056,,,-3.8468287187630152,,4537.0,,,10038.0,,387.0,,,1911.0,,288.0,,,120.0,
showheroes.com,showheroes.com,,,,,,63805364.0,581763683.0,,,,592988426.0,6051772708.0,,,7290330181.0,645569047.0,6644761134.0,2026-Q3,2.3884943042083933,,,1.5534002225512398,,-9.285990213541307,,,-11.545838559346292,,4856.0,,,8362.0,,299.0,,,1031.0,,487.0,,,137.0,
filmzie.com,filmzie.com,,,,,,102806090.0,273167704.0,17.0,,,813615413.0,2114884708.0,110949.0,,3304584881.0,375973811.0,2928611070.0,2026-Q3,2.5340862140201077,,,1.462744959623112,,-4.532475529278659,,,-8.485364079015715,,5152.0,,,7874.0,,302.0,,,1309.0,,235.0,,,232.0,
reforge.in,reforge.in,,,,,,60386396.0,370295514.0,,,,407338132.0,2648358932.0,,,3486378974.0,430681910.0,3055697064.0,2026-Q3,2.798217482833927,,,1.173131117604769,,-11.528020305493879,,,-14.999464626709836,,5689.0,,,6315.0,,262.0,,,604.0,,632.0,,,158.0,
meitu.com,meitu.com,,,,,,84681174.0,606766397.0,2496052.0,,2178196.0,720508157.0,6226167207.0,2152439.0,,7644949622.0,693943623.0,6951005999.0,2026-Q3,2.7298483089696424,,0.0075826508947528055,1.2115852967566592,,-10.621379131600515,,-9.506477750335813,-15.203984608412528,,5550.0,,7.0,6522.0,,266.0,,0.0,667.0,,567.0,,0.0,221.0,
brightmountainmedia.com,brightmountainmedia.com,,,,,,80225771.0,467335043.0,,,,698051163.0,4408272524.0,,,5653884501.0,547560814.0,5106323687.0,2026-Q3,2.3486532748342417,,,1.5758782693018618,,-7.593107577177892,,,-11.731512825438585,,4775.0,,,8483.0,,278.0,,,1113.0,,372.0,,,222.0,
getmediamx.com,getmediamx.com,,,,,,74977986.0,437840975.0,,,,471923142.0,3352460233.0,,,4337202336.0,512818961.0,3824383375.0,2026-Q3,2.3761976902040254,,,1.518289885064731,,-7.308935997822237,,,-14.472753719121528,,4831.0,,,8173.0,,239.0,,,841.0,,319.0,,,217.0,
notsy.io,notsy.io,,,,,,92964780.0,8959256.0,,,,504103907.0,86179825.0,,,692207768.0,101924036.0,590283732.0,2026-Q3,2.8719971668601336,,,1.0289743880305329,,-10.100388029701154,,,-13.54155035802333,,5839.0,,,5539.0,,309.0,,,629.0,,590.0,,,151.0,
flashb.id,flashb.id,,,,,,53621981.0,281863856.0,,,,507377925.0,1906852582.0,,,2749716344.0,335485837.0,2414230507.0,2026-Q3,2.451452967910756,,,1.438409223058389,,-9.653252479858482,,,-5.327916721952538,,4984.0,,,7743.0,,317.0,,,1382.0,,531.0,,,100.0,
adpixis.com,adpixis.com,,,,,,29885028.0,7885479.0,,,,366936858.0,112246620.0,,,516953985.0,37770507.0,479183478.0,2026-Q3,2.076652173057627,,,1.775765693299127,,-3.9540849491848133,,,-3.385941370651572,,4222.0,,,9559.0,,401.0,,,1940.0,,321.0,,,197.0,
aol.com,Verizon Ads,Ad Networks,aol.com,Verizon Ads,company-logos/aol.com/logo_200x200.jpeg,company-logos/aol.com/logo_200x200.jpeg,117426071.0,560085020.0,280466.0,3436334.0,237806.0,562489525.0,5553253294.0,74086.0,4541811.0,6801824413.0,681227891.0,6120596522.0,2026-Q3,2.8351728655555957,0.017001282824067633,0.0010900925125178957,0.9501805125825243,0.005569922418937736,-9.596072359155473,-2.497643003972138,-9.483078130564014,-15.337027407816487,-15.468768649293818,17226.0,33.0,3.0,15315.0,21.0,867.0,0.0,0.0,1635.0,0.0,1581.0,0.0,0.0,606.0,3.0
adnimation.com,adnimation.com,,,,,,108986359.0,416938888.0,,,,823863467.0,3101896524.0,,,4451685238.0,525925247.0,3925759991.0,2026-Q3,2.453420426151455,,,1.3785916110443375,,-5.56574289383001,,,-8.614311825635337,,4988.0,,,7421.0,,253.0,,,1212.0,,242.0,,,206.0,
onlinemediasolutions.com,onlinemediasolutions.com,,,,,,78675671.0,591050071.0,,,,460185331.0,6295146422.0,,,7425057495.0,669725742.0,6755331753.0,2026-Q3,2.40275837645346,,,1.3876942911334325,,-8.435643640578306,,,-13.76442220765212,,4885.0,,,7470.0,,255.0,,,790.0,,397.0,,,163.0,
al-adtech.com,al-adtech.com,,,,,,39160573.0,946965.0,,,,440595989.0,11665700.0,,,492369227.0,40107538.0,452261689.0,2026-Q3,2.083046412339898,,,1.7696353169125938,,-3.704846002523655,,,-3.410528771595954,,4235.0,,,9526.0,,369.0,,,1855.0,,278.0,,,120.0,
awg.la,awg.la,,,,,,101052500.0,104093654.0,,,,765486818.0,687412329.0,,,1658045301.0,205146154.0,1452899147.0,2026-Q3,2.4696519566372204,,,1.3380939730969361,,-5.074487222906177,,,-9.765656265523857,,5021.0,,,7203.0,,296.0,,,1128.0,,259.0,,,231.0,
redmob.io,redmob.io,,,,,,116201526.0,267391235.0,,,,685221644.0,1637447125.0,,,2706261530.0,383592761.0,2322668769.0,2026-Q3,2.4007909182127607,,,1.4192750179731488,,-0.23489904314525373,,,-4.548536293216564,,4881.0,,,7640.0,,482.0,,,1538.0,,211.0,,,221.0,
gannett.com,gannett.com,,,,,,68266845.0,217015335.0,0.0,,,609874343.0,1814294262.0,0.0,,2709450785.0,285282180.0,2424168605.0,2026-Q3,2.490802132724733,,,1.245023713410477,,-11.440149635496601,,,-11.686387154422304,,5064.0,,,6702.0,,267.0,,,823.0,,591.0,,,116.0,
zentotem.net,zentotem.net,,,,,,38417685.0,946965.0,,,,399226172.0,11665700.0,,,450256522.0,39364650.0,410891872.0,2026-Q3,2.057961319770988,,,1.7493864979388933,,-3.6319745619143466,,,-3.173517985679463,,4184.0,,,9417.0,,369.0,,,1854.0,,276.0,,,120.0,
dvgroup.com,dvgroup.com,,,,,,38417685.0,946965.0,,,,399225604.0,11665700.0,,,450255954.0,39364650.0,410891304.0,2026-Q3,2.057961319770988,,,1.7480861150690226,,-3.6319745619143466,,,-3.1950931107531484,,4184.0,,,9410.0,,369.0,,,1851.0,,276.0,,,120.0,
thirdpresence.com,thirdpresence.com,,,,,,63330811.0,109544138.0,,,,583765350.0,579485833.0,,,1336126132.0,172874949.0,1163251183.0,2026-Q3,2.5316268912192337,,,1.2481817860944486,,16.05198179563948,,,74.77216451357717,,5147.0,,,6719.0,,1353.0,,,3818.0,,385.0,,,136.0,
datawrkz.com,datawrkz.com,,,,,,77521890.0,170263807.0,,,,934231400.0,990613760.0,,,2172630857.0,247785697.0,1924845160.0,2026-Q3,2.133708462037893,,,1.5751351933762214,,-6.7201286252539445,,,-7.687656379924017,,4338.0,,,8479.0,,293.0,,,1552.0,,337.0,,,329.0,
bold-win.com,bold-win.com,,,,,,125385701.0,602629889.0,,,,797167156.0,6527878874.0,,,8053061620.0,728015590.0,7325046030.0,2026-Q3,2.5832726700375783,,,1.127431948177885,,-8.66095198847752,,,-13.051360391203348,,5252.0,,,6069.0,,349.0,,,752.0,,515.0,,,197.0,
spotx.tv,spotx.tv,,,,,,88229423.0,606936521.0,,,,826562724.0,5945927874.0,,,7467656542.0,695165944.0,6772490598.0,2026-Q3,2.2679874869655894,,,1.3830500665981798,,-11.924570263427734,,,-15.848458209966662,,4611.0,,,7445.0,,162.0,,,569.0,,484.0,,,113.0,
ad.plus,ad.plus,,,,,,25302662.0,27869896.0,,,,429975372.0,195176014.0,,,678323944.0,53172558.0,625151386.0,2026-Q3,2.1587935546068033,,,1.4564288142551685,,-10.736472596056405,,,-9.96669993924421,,4389.0,,,7840.0,,281.0,,,1124.0,,525.0,,,163.0,
seedtag.com,seedtag.com,,,,,,40411967.0,76459100.0,,,83163.0,384354352.0,574861096.0,,,1076169678.0,116871067.0,959298611.0,2026-Q3,2.5439235052236016,,0.01191559426318298,1.0774600921785686,,-9.935893185699483,,-0.45712552536937273,-12.039831657040626,,5172.0,,11.0,5800.0,,261.0,,1.0,685.0,,500.0,,0.0,94.0,
onomagic.com,onomagic.com,,,,,,68981037.0,436088955.0,,,,348039561.0,3063882339.0,,,3916991892.0,505069992.0,3411921900.0,2026-Q3,2.2773329136089084,,,1.3373508971712957,,-8.289596609807662,,,-13.833063292786715,,4630.0,,,7199.0,,242.0,,,750.0,,369.0,,,151.0,
rtbdemand.com,rtbdemand.com,,,,,,59646314.0,10174517.0,,,,800237149.0,182652694.0,0.0,,1052710674.0,69820831.0,982889843.0,2026-Q3,1.984673500304956,,,1.6169332141934933,,-3.5020513248933747,,,-0.9232327565256339,,4035.0,,,8704.0,,365.0,,,1949.0,,270.0,,,185.0,
crystall.io,crystall.io,,,,,,103567624.0,20138664.0,,,,571096147.0,122853737.0,,,817656172.0,123706288.0,693949884.0,2026-Q3,2.159777283727153,,,1.4125873346423854,,-6.455714567866401,,,-11.84389475785131,,4391.0,,,7604.0,,276.0,,,1003.0,,308.0,,,213.0,
my-cast.tv,my-cast.tv,,,,,,119334956.0,518895451.0,,,,599168948.0,4663667360.0,20382.0,,5901087097.0,638230407.0,5262856690.0,2026-Q3,2.4711275503177443,,,1.1075546671670045,,-8.346285830238156,,,-12.877897809945823,,5024.0,,,5962.0,,338.0,,,752.0,,479.0,,,196.0,
paypal.com,PayPal,Business Tools,paypal.com,PayPal,company-logos/paypal.com/logo_200x200.jpeg,company-logos/paypal.com/logo_200x200.jpeg,,,14950.0,158211004.0,189723.0,,,4586852.0,856474797.0,1019477326.0,158225954.0,861251372.0,2026-Q3,,0.7248728767716109,0.01526129517525054,,2.0919037199124726,,-1.6589130513181143,-9.483078130564007,,-8.705922883431628,,1407.0,42.0,,7887.0,,36.0,0.0,,393.0,,24.0,0.0,,852.0
membrana.media,membrana.media,,,,,,91896335.0,604790.0,,,117.0,501151478.0,31813795.0,,,625466515.0,92501125.0,532965390.0,2026-Q3,2.6354103134160978,,0.0010832358421075437,0.9290306760319003,,-9.684629994488652,,-9.5064777503358,-12.750519030656937,,5358.0,,1.0,5001.0,,304.0,,0.0,615.0,,536.0,,0.0,142.0,
buzzoola.com,buzzoola.com,,,,,,38845441.0,175434407.0,,,5120.0,414921262.0,2433419558.0,,,3062625788.0,214279848.0,2848345940.0,2026-Q3,1.9246660239636413,,0.0021664716842150875,1.663932766490248,,-4.032705480299118,,-9.5064777503358,-2.8717790959306226,,3913.0,,2.0,8957.0,,346.0,,0.0,1788.0,,275.0,,0.0,116.0,
tagoras.io,tagoras.io,,,,,,59827769.0,351219357.0,,,,364632308.0,2312212627.0,,,3087892061.0,411047126.0,2676844935.0,2026-Q3,1.9118775453990988,,,1.6622608456575574,,110.37132078952325,,,69.67549527403936,,3887.0,,,8948.0,,2269.0,,,4845.0,,123.0,,,63.0,
ad-generation.jp,ad-generation.jp,,,,,,25305683.0,195908798.0,,,,400789332.0,1398026655.0,,,2020030468.0,221214481.0,1798815987.0,2026-Q3,2.4819485706415882,,,0.98531867739916,,-15.548062925534909,,,-14.367087477906026,,5046.0,,,5304.0,,298.0,,,556.0,,882.0,,,145.0,
monetrix.ai,Monetrix.AI,Ad Networks,monetrix.ai,Monetrix.AI,company-logos/monetrix.ai/logo_200x200.jpeg,company-logos/monetrix.ai/logo_200x200.jpeg,92074774.0,71960628.0,,,,587700298.0,396245601.0,,19922154.0,1167903455.0,164035402.0,1003868053.0,2026-Q3,1.9301098452554553,,,1.5601200894156158,0.06047344340560971,-4.032187185644787,,,-3.714229181182012,43.963553672911374,11727.0,,,25146.0,228.0,897.0,,,5196.0,75.0,675.0,,,675.0,0.0
smartadline.com,smartadline.com,,,,,,71231847.0,35924178.0,,,,560455267.0,204740199.0,,,872351491.0,107156025.0,765195466.0,2026-Q3,2.466700769276172,,,1.013741331554905,,-10.975244975609083,,,-12.487122911679736,,5015.0,,,5457.0,,287.0,,,682.0,,580.0,,,151.0,
engagebdr.com,engagebdr.com,,,,,,86009072.0,562234772.0,,,,450546623.0,5663567748.0,,,6762358215.0,648243844.0,6114114371.0,2026-Q3,2.4893265390442085,,,0.9502083399126514,,-11.443306265894162,,,-14.246318865416935,,5061.0,,,5115.0,,239.0,,,578.0,,563.0,,,175.0,
atlas5.co,atlas5.co,,,,,,59192587.0,241338216.0,,,,724467896.0,1333146283.0,,,2358144982.0,300530803.0,2057614179.0,2026-Q3,2.316190213862711,,,1.1168431162375094,,-10.198291220508864,,,-13.475687563414157,,4709.0,,,6012.0,,301.0,,,725.0,,533.0,,,202.0,
vdopia.com,vdopia.com,,,,,,31392944.0,7058930.0,,,,603339847.0,149459502.0,,,791251223.0,38451874.0,752799349.0,2026-Q3,2.206996281503925,,,1.2362925712842023,,-12.574013512939336,,,-13.517480757402437,,4487.0,,,6655.0,,224.0,,,709.0,,573.0,,,133.0,
streamlyn.com,streamlyn.com,,,,,,77222989.0,151088926.0,,,,805020414.0,1082945843.0,,,2116278172.0,228311915.0,1887966257.0,2026-Q3,2.4199736360595745,,,1.0059390343356809,,-10.208806994713036,,,-11.70886591205849,,4920.0,,,5415.0,,267.0,,,713.0,,510.0,,,143.0,
smartivi.ai,smartivi.ai,,,,,,81973324.0,461176934.0,,,,613009243.0,3500616808.0,,,4656776309.0,543150258.0,4113626051.0,2026-Q3,2.3766895547642,,,1.049780513948464,,-8.629331463651797,,,-12.792749628049508,,4832.0,,,5651.0,,319.0,,,722.0,,470.0,,,190.0,
aniview.com,aniview.com,,,,,,54679699.0,577113749.0,,,3597755.0,659606075.0,5514409827.0,,,6809407105.0,631793448.0,6177613657.0,2026-Q3,2.01123418655439,,0.03683001863165648,1.4216900147314802,,-8.807071743422973,,53.83898782442914,-6.500685073540326,,4089.0,,34.0,7653.0,,267.0,,14.0,1320.0,,403.0,,0.0,133.0,
adtech.com,adtech.com,,,,,,68937535.0,73371480.0,,,,336768754.0,494944547.0,,,974022316.0,142309015.0,831713301.0,2026-Q3,2.364884805320007,,,1.0395632199709086,,-12.439385916051709,,,-13.843488310947363,,4808.0,,,5596.0,,227.0,,,574.0,,593.0,,,109.0,
walletcircle.co,walletcircle.co,,,,,,58878468.0,3596416.0,,,,718449327.0,44198339.0,,,825122550.0,62474884.0,762647666.0,2026-Q3,2.3009424124972946,,,1.0845193134721522,,-10.354029485520808,,,-13.392222449302283,,4678.0,,,5838.0,,292.0,,,711.0,,531.0,,,198.0,
kakaocorp.com,Kakao,Business Tools,kakaocorp.com,Kakao,company-logos/kakaocorp.com/logo_200x200.jpeg,company-logos/kakaocorp.com/logo_200x200.jpeg,368517.0,,375099.0,27322351.0,7836629.0,448199.0,,663131.0,925178393.0,962192319.0,28065967.0,934126352.0,2026-Q3,0.0014841419433354605,0.5394043368726913,0.3302531576357373,0.0029809146936737537,2.8947682514422124,41.17009750812567,1.5770823630260729,-8.86774199427708,5.28416811365234,-3.0731637683810247,6.0,1047.0,604.0,32.0,10914.0,2.0,42.0,4.0,8.0,204.0,0.0,0.0,0.0,0.0,168.0
unity3d.com,Unity3d,Ad Networks,unity.com,Unity,company-logos/unity3d.com/logo_200x200.jpeg,company-logos/unity.com/logo_200x200.jpeg,73649660.0,20433467.0,9003.0,,1738460435.0,288126488.0,105111804.0,40853.0,,2225831710.0,94092130.0,2131739580.0,2026-Q3,2.4856639001590843,,13.171456402609913,0.9166076772171738,,-8.780865366393733,,-8.160924175916362,-4.530003268375421,,10078.0,,24204.0,9854.0,,722.0,,350.0,1872.0,,1048.0,,0.0,170.0,
adsgard.net,adsgard.net,,,,,,43255822.0,11043857.0,,,,493721329.0,107645964.0,,,655666972.0,54299679.0,601367293.0,2026-Q3,2.4898184036043833,,,0.8747861334601515,,-10.427789340828532,,,-13.448480846146554,,5062.0,,,4709.0,,310.0,,,570.0,,573.0,,,159.0,
rtblab.net,rtblab.net,,,,,,38859244.0,944584.0,,,30125721.0,422312486.0,11445667.0,,,503687702.0,39803828.0,463883874.0,2026-Q3,1.8272768410490488,,0.12348888600025996,1.5563725262538013,,-3.354611495603198,,35.74028337449628,-2.2970719033366223,,3715.0,,114.0,8378.0,,332.0,,38.0,1698.0,,239.0,,0.0,94.0,
auxoads.com,auxoads.com,,,,,,56584559.0,471659838.0,,,,513244640.0,4067102155.0,,,5108591192.0,528244397.0,4580346795.0,2026-Q3,1.84203277785429,,,1.4278203911180134,,-6.349156788543392,,,-9.633355823637512,,3745.0,,,7686.0,,262.0,,,1190.0,,285.0,,,223.0,
appsheep.com,appsheep.com,,,,,,147137638.0,524201946.0,,,,717801696.0,4452355559.0,,,5841496839.0,671339584.0,5170157255.0,2026-Q3,2.353571920435989,,,0.9483506500985504,,-7.094288228724091,,,-6.126310009041414,,4785.0,,,5105.0,,375.0,,,963.0,,443.0,,,154.0,
beachfront.com,beachfront.com,,,,,,78417423.0,585890095.0,,,,708258116.0,5882004180.0,,,7254569814.0,664307518.0,6590262296.0,2026-Q3,2.142562024121038,,,1.0638989565356314,,-10.441094392571868,,,-16.001167513554662,,4356.0,,,5727.0,,128.0,,,449.0,,355.0,,,108.0,
cocos.com,Cocos,Development Tools,cocos.com,Cocos,company-logos/cocos.com/logo_200x200.jpeg,company-logos/cocos.com/logo_200x200.jpeg,,,0.0,3169620.0,,,,,359082648.0,362252268.0,3169620.0,359082648.0,2026-Q3,,0.06027727546714888,,,3.265565943902924,,-2.4976430039721196,,,0.37357640891085814,,117.0,,,12312.0,,0.0,,,570.0,,0.0,,,108.0
rixengine.com,rixengine.com,,,,,,48102777.0,418522442.0,0.0,,7533648.0,561284348.0,4063001310.0,,,5098444525.0,466625219.0,4631819306.0,2026-Q3,1.6595510260294724,,0.00866588673686035,1.5808940317999343,,-2.6581351789834726,,-9.5064777503358,-7.004110865574348,,3374.0,,8.0,8510.0,,358.0,,0.0,1422.0,,250.0,,0.0,141.0,
arcaneflow.com,arcaneflow.com,,,,,,59044148.0,165968449.0,,,,397248659.0,1441735850.0,,,2063997106.0,225012597.0,1838984509.0,2026-Q3,2.303893599858343,,,0.9412914288049667,,-9.57701433491847,,,-13.359421289574009,,4684.0,,,5067.0,,234.0,,,592.0,,431.0,,,145.0,
adview.com,AdView,Ad Networks,adview.com,AdView,company-logos/adview.com/logo_200x200.jpeg,company-logos/adview.com/logo_200x200.jpeg,66245039.0,574553853.0,,122834.0,985324.0,450255662.0,5628106092.0,,1065682.0,6721334486.0,640921726.0,6080412760.0,2026-Q3,2.2994427089676783,0.003091142331648661,0.0032702775375536867,0.8993677251319798,0.0023871096081161725,-10.899904866801077,-2.4976430039721156,171.55076560830793,-14.457515477436031,-3.392878456335793,13971.0,6.0,9.0,14496.0,9.0,669.0,0.0,6.0,1536.0,0.0,1461.0,0.0,0.0,423.0,0.0
zendesk.com,Zendesk,Business Tools,zendesk.com,Zendesk,company-logos/zendesk.com/logo_200x200.jpeg,company-logos/zendesk.com/logo_200x200.jpeg,,,38458.0,101989683.0,23389050.0,,,2563023.0,260141186.0,388121400.0,102028141.0,286093259.0,2026-Q3,,1.6506700051003849,0.19112955386147104,,1.3439427093694052,,-0.9205354217337942,-7.907348349471318,,-2.0003433710217036,,3204.0,526.0,,5067.0,,78.0,9.0,,180.0,,27.0,0.0,,108.0
thegermanemedia.com,thegermanemedia.com,,,,,,74738557.0,27377198.0,,,,596843544.0,377750050.0,,,1076709349.0,102115755.0,974593594.0,2026-Q3,2.2566746020815707,,,0.9385048940838152,,-9.916879173543565,,,-12.899495049176778,,4588.0,,,5052.0,,225.0,,,605.0,,436.0,,,135.0,
mapbox.com,MapBox,Business Tools,mapbox.com,MapBox,company-logos/mapbox.com/logo_200x200.jpeg,company-logos/mapbox.com/logo_200x200.jpeg,,,0.0,71846555.0,21299878.0,,,3845.0,441857155.0,535007433.0,71846555.0,463160878.0,2026-Q3,,1.805227121682818,0.4938119081706068,,1.1442212054903522,,0.6031386672796515,-6.383183545994288,,-1.3344880825361107,,3504.0,1359.0,,4314.0,,120.0,45.0,,162.0,,12.0,0.0,,72.0
yieldmonk.com,yieldmonk.com,,,,,,34156015.0,171417.0,0.0,,,552645665.0,11041389.0,3766.0,,598018252.0,34327432.0,563690820.0,2026-Q3,1.6866035768390815,,,1.5069579771987152,,-5.828924333580296,,,-3.0959708129642087,,3429.0,,,8112.0,,274.0,,,1649.0,,276.0,,,150.0,
widgets.ai,widgets.ai,,,,,,96878737.0,86914367.0,,,,451580636.0,545445560.0,,,1180819300.0,183793104.0,997026196.0,2026-Q3,2.25864206032227,,,0.9338606695485628,,-9.195005067392037,,,-14.0619821635623,,4592.0,,,5027.0,,272.0,,,509.0,,445.0,,,103.0,
bizzclick.com,bizzclick.com,,,,,,38848042.0,364894934.0,,,,383386621.0,3488543180.0,,,4275672777.0,403742976.0,3871929801.0,2026-Q3,2.0756684439372775,,,1.0728158676433162,,-9.894917712073358,,,-14.359004385961713,,4220.0,,,5775.0,,268.0,,,637.0,,461.0,,,189.0,
mosher.media,mosher.media,,,,,,47876514.0,128531028.0,,,,326104641.0,789475729.0,,,1291987912.0,176407542.0,1115580370.0,2026-Q3,2.1646959293289,,,0.9658129343510997,,-8.457255080439724,,,-11.083108623482703,,4401.0,,,5199.0,,304.0,,,746.0,,433.0,,,166.0,
dobyai.com,dobyai.com,,,,,,44797266.0,243501405.0,,,,481088768.0,2431181034.0,,,3200568473.0,288298671.0,2912269802.0,2026-Q3,1.6506974639463279,,,1.4434249855564618,,-5.7459128254145915,,,-8.83569612610165,,3356.0,,,7770.0,,253.0,,,1224.0,,252.0,,,187.0,
opentelemetry.io,OpenTelemetry,Development Tools,opentelemetry.io,OpenTelemetry,company-logos/opentelemetry.io/logo_200x200.png,company-logos/opentelemetry.io/logo_200x200.png,,,,56382096.0,,,,,1021754475.0,1078136571.0,56382096.0,1021754475.0,2026-Q3,,0.5625879043600562,,,2.2184205291426298,,-4.59446788560713,,,-0.1332388343582395,,1092.0,,,8364.0,,27.0,,,567.0,,51.0,,,294.0
admagnetix.io,admagnetix.io,,,,,,80334870.0,160743368.0,,,,604513135.0,969121793.0,,,1814713166.0,241078238.0,1573634928.0,2026-Q3,2.203553229582702,,,0.8649403774454164,,-10.546198635743032,,,-12.216808876664421,,4480.0,,,4656.0,,235.0,,,620.0,,474.0,,,154.0,
advlion.com,advlion.com,,,,,,77842777.0,590253587.0,,,10612333.0,553984145.0,5647164648.0,,,6879857490.0,668096364.0,6211761126.0,2026-Q3,1.716607315009739,,0.04007972615797911,1.3048413254245286,,-5.935713178174861,,-4.335419336069279,-8.390746338095814,,3490.0,,37.0,7024.0,,226.0,,2.0,1132.0,,232.0,,0.0,165.0,
adobe.com,Adobe,Analytics: Product,adobe.com,Adobe,company-logos/adobe.com/logo_200x200.jpeg,company-logos/adobe.com/logo_200x200.jpeg,4735.0,,3540536.0,131120880.0,94084536.0,0.0,,20704732.0,215709445.0,465164864.0,134666151.0,330498713.0,2026-Q3,0.0014812815389527668,1.1529960897049505,0.3502830606890838,0.0003722548531175413,0.947152045620317,-5.848922449973839,-0.4969106442724995,-2.9384731010719816,,-2.381428683524366,9.0,2238.0,964.0,6.0,3571.0,0.0,54.0,65.0,6.0,107.0,0.0,9.0,0.0,0.0,70.0
didna.io,didna.io,,,,,,41370727.0,136297436.0,,,,295290258.0,726560657.0,,,1199519078.0,177668163.0,1021850915.0,2026-Q3,2.185354240856238,,,0.7969489302493206,,-10.79349529797812,,,-13.169728966468785,,4443.0,,,4290.0,,246.0,,,534.0,,496.0,,,147.0,
hcodemedia.com,hcodemedia.com,,,,,,10151888.0,53402206.0,,,,352145557.0,254842303.0,,,670541954.0,63554094.0,606987860.0,2026-Q3,1.544946583508765,,,1.442124602686591,,-6.665445583036695,,,-6.0287654505885016,,3141.0,,,7763.0,,194.0,,,1348.0,,224.0,,,111.0,
tencent.com,Tencent,Business Tools,tencent.com,Tencent,company-logos/tencent.com/logo_200x200.jpeg,company-logos/tencent.com/logo_200x200.jpeg,100.0,,21265648.0,41271994.0,147028989.0,2870.0,,98391594.0,500635036.0,808596231.0,62537742.0,746058489.0,2026-Q3,0.0034629978677827413,0.8134856236122059,0.368814633401888,0.0006204247551959022,1.3725880246667992,-17.65077645359336,-1.0564127913058914,-5.381384451619447,-34.26087868276379,-1.7216721076346932,7.0,1579.0,1015.0,10.0,5175.0,1.0,31.0,44.0,6.0,189.0,2.0,8.0,0.0,0.0,101.0
gameanalytics.com,GameAnalytics,Analytics: Product,mobvista.com,Mobvista,company-logos/gameanalytics.com/logo_200x200.jpeg,company-logos/mobvista.com/logo_200x200.jpeg,,,0.0,1332.0,202051758.0,,,,520308508.0,722361598.0,1332.0,722360266.0,2026-Q3,,0.0015455711658243305,1.1787049482752052,,2.6568529938333003,,-2.4976430039721156,-8.64542319807771,,-0.256283601022003,,2.0,2166.0,,6678.0,,0.0,20.0,,298.0,,0.0,0.0,,88.0
datadoghq.com,Datadog,Development Tools,datadoghq.com,Datadog,company-logos/datadoghq.com/logo_200x200.jpeg,company-logos/datadoghq.com/logo_200x200.jpeg,,,0.0,240820307.0,25631264.0,,,2380.0,300991967.0,567445918.0,240820307.0,326625611.0,2026-Q3,,1.553299021653452,0.24236390194981214,,1.1649094887606923,,-0.416800019300804,-1.9889823264386355,,-1.509174136542881,,3015.0,667.0,,4392.0,,84.0,51.0,,201.0,,21.0,0.0,,117.0
catapultx.com,catapultx.com,,,,,,24112168.0,35412856.0,,,,246492146.0,498079385.0,,,804096555.0,59525024.0,744571531.0,2026-Q3,1.8346548094516695,,,1.0167136352574666,,-4.62334133192757,,,-13.856865944399013,,3730.0,,,5473.0,,368.0,,,549.0,,323.0,,,95.0,
sunmedia.tv,sunmedia.tv,,,,,,31982264.0,10078823.0,,,3332.0,321272461.0,81776382.0,,,445113262.0,42061087.0,403052175.0,2026-Q3,2.002380624471246,,0.0010832358421075437,0.8012216168217527,,-11.410149226482206,,-9.5064777503358,-13.237716718776099,,4071.0,,1.0,4313.0,,223.0,,0.0,523.0,,482.0,,0.0,137.0,
streamkey.tv,streamkey.tv,,,,,,48985884.0,55746714.0,,,,286611812.0,346210564.0,,,737554974.0,104732598.0,632822376.0,2026-Q3,2.1061640466681095,,,0.6893886900128738,,-10.616805437270026,,,-13.776737210433964,,4282.0,,,3711.0,,228.0,,,450.0,,460.0,,,139.0,
adpixelgroup.com,adpixelgroup.com,,,,,,92327563.0,135659313.0,,,,618868641.0,968807548.0,,,1815663065.0,227986876.0,1587676189.0,2026-Q3,1.8203907372066028,,,0.962654861667128,,-5.977235606381323,,,-11.31625505857066,,3701.0,,,5182.0,,185.0,,,765.0,,193.0,,,199.0,
olaex.biz,olaex.biz,,,,,,39101851.0,551945058.0,,,,525742860.0,6169951056.0,,,7286740825.0,591046909.0,6695693916.0,2026-Q3,1.2109705471501369,,,1.563431747547385,,-5.351115158300871,,,-10.350386531042655,,2462.0,,,8416.0,,190.0,,,1104.0,,179.0,,,104.0,
copper6.com,copper6.com,,,,,,48477363.0,543442318.0,,,2782542.0,222529629.0,4614674668.0,,,5431906520.0,591919681.0,4839986839.0,2026-Q3,1.97778739646251,,0.01841500931582824,0.7538505265621778,,-11.641148844933179,,2.5593252162860907,-12.196338765288065,,4021.0,,17.0,4058.0,,190.0,,2.0,514.0,,457.0,,0.0,107.0,
gamaigroup.com,gamaigroup.com,,,,,,50998245.0,604533163.0,,,,280655191.0,5999582096.0,,,6935768695.0,655531408.0,6280237287.0,2026-Q3,1.4726424931630826,,,1.2782763610828844,,-5.616376790646173,,,-4.718557200930542,,2994.0,,,6881.0,,212.0,,,1284.0,,207.0,,,108.0,
fromthetop.io,fromthetop.io,,,,,,9343326.0,551997405.0,,,,154228731.0,4959185918.0,,,5674755380.0,561340731.0,5113414649.0,2026-Q3,1.3909929761740807,,,1.3516551087398732,,-5.7406673319092825,,,-5.942631857946767,,2828.0,,,7276.0,,213.0,,,1295.0,,212.0,,,130.0,
taipeidigital.com,taipeidigital.com,,,,,,48099449.0,209679247.0,,,,476734276.0,1740283361.0,,,2474796333.0,257778696.0,2217017637.0,2026-Q3,1.7372656265370767,,,0.9522517987081625,,-8.14070140489064,,,-11.469104472747588,,3532.0,,,5126.0,,208.0,,,744.0,,299.0,,,192.0,
apollographql.com,Apollo,Development Tools,apollographql.com,Apollo,company-logos/apollographql.com/logo_200x200.jpeg,company-logos/apollographql.com/logo_200x200.jpeg,,,0.0,226907516.0,,,,,421172948.0,648080464.0,226907516.0,421172948.0,2026-Q3,,1.0880821007403285,,,1.5277501491943506,,-0.8068506861219263,,,0.4253781071116822,,2112.0,,,5760.0,,45.0,,,396.0,,9.0,,,177.0
udmserve.net,udmserve.net,,,,,,11610711.0,111666.0,,,40604.0,209015856.0,213205.0,,,220992042.0,11722377.0,209269665.0,2026-Q3,1.3526275404804533,,0.0021664716842150875,1.3427381976321884,,-5.361028012308275,,-9.5064777503358,-2.5609718682423335,,2750.0,,2.0,7228.0,,218.0,,0.0,1489.0,,206.0,,0.0,121.0,
ampliffy.com,ampliffy.com,,,,,,54896199.0,163115868.0,,,,628260260.0,2184922704.0,,,3031195031.0,218012067.0,2813182964.0,2026-Q3,1.6900466287603044,,,0.9803029149010872,,-8.02257311790262,,,-13.188481247998162,,3436.0,,,5277.0,,194.0,,,608.0,,278.0,,,133.0,
viralize.com,viralize.com,,,,,,44731272.0,182681464.0,,,,317978373.0,1230248247.0,,,1775639356.0,227412736.0,1548226620.0,2026-Q3,1.5341255631849213,,,1.1073688981855945,,-8.445202487921444,,,-10.965572488384742,,3119.0,,,5961.0,,221.0,,,790.0,,312.0,,,118.0,
telaria.com,telaria.com,,,,,,133196123.0,513632498.0,,,,700483372.0,4336347680.0,,,5683659673.0,646828621.0,5036831052.0,2026-Q3,1.7274283353335824,,,0.8766438232742526,,-11.018628993944866,,,-16.695329021617976,,3512.0,,,4719.0,,103.0,,,308.0,,310.0,,,64.0,
bidfuse.com,bidfuse.com,,,,,,51989257.0,416863143.0,,,,503507135.0,2884694155.0,,,3857053690.0,468852400.0,3388201290.0,2026-Q3,1.9413894190095815,,,0.6854875414032617,,-9.730575337318806,,,-10.3628076432872,,3947.0,,,3690.0,,234.0,,,525.0,,407.0,,,87.0,
wecallmedia.com,wecallmedia.com,,,,,,37901342.0,89807073.0,,,,357277109.0,705881486.0,,,1190867010.0,127708415.0,1063158595.0,2026-Q3,1.504121825014264,,,1.1495384569656866,,34.269857360744446,,,29.940319280269367,,3058.0,,,6188.0,,1001.0,,,2527.0,,89.0,,,101.0,
videoffy.com,videoffy.com,,,,,,54226041.0,10536632.0,,,,618349742.0,72151866.0,,,755264281.0,64762673.0,690501608.0,2026-Q3,1.6674208589922679,,,0.9399910459350961,,-7.600189026239576,,,-12.436693903905828,,3390.0,,,5060.0,,206.0,,,614.0,,273.0,,,119.0,
galaxyx-tech.com,galaxyx-tech.com,,,,,,38181884.0,280520171.0,,,,218544582.0,1851442393.0,,,2388689030.0,318702055.0,2069986975.0,2026-Q3,1.9059751706770025,,,0.6685825640949429,,-9.689399586588491,,,-13.74047558599697,,3875.0,,,3599.0,,244.0,,,413.0,,412.0,,,110.0,
firstimpression.io,firstimpression.io,,,,,,37697355.0,334241172.0,,,,156491545.0,1996025569.0,,,2524455641.0,371938527.0,2152517114.0,2026-Q3,1.6718476400338405,,,0.9215999167754964,,500.0,,,500.0,,3399.0,,,4961.0,,3329.0,,,4849.0,,6.0,,,3.0,
bidmatic.io,bidmatic.io,,,,,,33566802.0,203444879.0,,,16658.0,449858752.0,1403262631.0,,,2090149722.0,237011681.0,1853138041.0,2026-Q3,1.8095697168827591,,0.0010832358421075437,0.7285859450904044,,-10.516917632030646,,-9.5064777503358,-11.47784850858027,,3679.0,,1.0,3922.0,,198.0,,0.0,517.0,,393.0,,0.0,95.0,
airnowmedia.com,airnowmedia.com,,,,,,50650740.0,2943964.0,,,,254829481.0,23426828.0,,,331851013.0,53594704.0,278256309.0,2026-Q3,1.82530938280835,,,0.7339732455512974,,-11.205512149514275,,,-13.372619260488083,,3711.0,,,3951.0,,191.0,,,421.0,,418.0,,,73.0,
katzdigital.com,katzdigital.com,,,,,,33629990.0,175211941.0,,,,163440786.0,1186818452.0,,,1559101169.0,208841931.0,1350259238.0,2026-Q3,2.042713518405572,,,0.4922878007367598,,-11.884578696816716,,,-16.66284799987921,,4153.0,,,2650.0,,197.0,,,199.0,,485.0,,,61.0,
publiffy.com,publiffy.com,,,,,,55586038.0,161344061.0,,,,626458548.0,2174620066.0,,,3018008713.0,216930099.0,2801078614.0,2026-Q3,1.6202018612154958,,,0.9132403126120419,,-5.659437583224534,,,-10.476976317033705,,3294.0,,,4916.0,,264.0,,,696.0,,260.0,,,118.0,
audiomob.com,Audiomob,Ad Networks,audiomob.com,Audiomob,company-logos/audiomob.com/logo_200x200.jpeg,company-logos/audiomob.com/logo_200x200.jpeg,64895418.0,18222067.0,0.0,15156267.0,9421493.0,294346712.0,213379176.0,,94182281.0,709603414.0,98273752.0,611329662.0,2026-Q3,1.6684167733737998,0.06955070246209487,0.04033342296316214,0.4830006719200099,0.2410980704197334,-9.594631701750949,-6.6466794718881825,-9.483078130564007,-13.818773718198518,-3.7106650403610124,10137.0,135.0,111.0,7785.0,909.0,561.0,0.0,0.0,927.0,24.0,981.0,6.0,0.0,276.0,27.0
undertone.com,undertone.com,,,,,,34467536.0,604124925.0,,,48456698.0,94423887.0,5516353931.0,,,6297826977.0,638592461.0,5659234516.0,2026-Q3,1.9413894190095815,,0.2924736773690368,0.5513623368251709,,-12.553484690748531,,174.5309101956105,-18.67357720318425,,3947.0,,270.0,2968.0,,150.0,,181.0,121.0,,456.0,,0.0,36.0,
app-stock.com,app-stock.com,,,,,,74986665.0,612158032.0,,,,532397859.0,6621220621.0,,,7840763177.0,687144697.0,7153618480.0,2026-Q3,1.5975760914474593,,,0.907667243169739,,-5.744978668771703,,,-8.513639056241844,,3248.0,,,4886.0,,237.0,,,872.0,,236.0,,,205.0,
pixfuture.com,pixfuture.com,,,,,,37235258.0,13708857.0,,,,263712742.0,185167690.0,,,499824547.0,50944115.0,448880432.0,2026-Q3,1.6728313691541898,,,0.8162689043159708,,-13.153758114498912,,,-13.199732379133533,,3401.0,,,4394.0,,195.0,,,494.0,,484.0,,,99.0,
videolink.host,videolink.host,,,,,,32633144.0,0.0,,,,324491701.0,261487.0,,,357386332.0,32633144.0,324753188.0,2026-Q3,1.3167214275876995,,,1.226075277306647,,-0.7308118215080622,,,-0.40451169087581107,,2677.0,,,6600.0,,286.0,,,1461.0,,150.0,,,96.0,
vidgyor.com,vidgyor.com,,,,,,61068864.0,62545517.0,,,5373.0,570162414.0,541203086.0,,,1234985254.0,123614381.0,1111370873.0,2026-Q3,1.8415409132941152,,0.0010832358421075437,0.6278991571661313,,-9.147012305217512,,-9.5064777503358,-15.449342277038788,,3744.0,,1.0,3380.0,,235.0,,0.0,393.0,,374.0,,0.0,171.0,
epom.com,epom.com,,,,,,7443743.0,509009779.0,,,,175855914.0,4970263070.0,,,5662572506.0,516453522.0,5146118984.0,2026-Q3,1.2099868180297872,,,1.2782763610828844,,-5.5820917543184105,,,-5.068000145181415,,2460.0,,,6881.0,,178.0,,,1265.0,,173.0,,,110.0,
cleanmedia.net,cleanmedia.net,,,,,,45480601.0,167.0,,,,413192777.0,19164207.0,,,477837752.0,45480768.0,432356984.0,2026-Q3,1.6064296535306037,,,0.8541657765236308,,-6.885893404779366,,,-12.411447880928039,,3266.0,,,4598.0,,197.0,,,629.0,,236.0,,,178.0,
foxpush.com,foxpush.com,,,,,,76144269.0,25338879.0,,,,381673638.0,186569881.0,,,669726667.0,101483148.0,568243519.0,2026-Q3,1.8872843173903635,,,0.577927301166815,,-10.971393893584205,,,-13.949336419929173,,3837.0,,,3111.0,,225.0,,,391.0,,449.0,,,136.0,
adops.gr,adops.gr,,,,,,54890129.0,383807245.0,,,,530170772.0,2475438081.0,,,3444306227.0,438697374.0,3005608853.0,2026-Q3,1.3909929761740807,,,1.0709581778292152,,-5.473170112560327,,,-10.385751607441039,,2828.0,,,5765.0,,197.0,,,771.0,,188.0,,,88.0,
aolcloud.net,aolcloud.net,,,,,,38635317.0,56021338.0,,,,234191180.0,335289255.0,,,664137090.0,94656655.0,569480435.0,2026-Q3,1.6620103488303462,,,0.7668543552608846,,-13.268956547240377,,,-13.52400416257892,,3379.0,,,4128.0,,174.0,,,415.0,,466.0,,,58.0,
shopify.com,Shopify,Business Tools,shopify.com,Shopify,company-logos/shopify.com/logo_200x200.jpeg,company-logos/shopify.com/logo_200x200.jpeg,,,3403812.0,765.0,7056309.0,,,2666809.0,341709287.0,354836982.0,3404577.0,351432405.0,2026-Q3,,0.003091142331648661,0.08684403683059236,,2.2526357668589614,,-2.4976430039721156,-9.483078130564015,,-2.56688240466215,,6.0,239.0,,8493.0,,0.0,0.0,,360.0,,0.0,0.0,,288.0
c360.com,c360.com,,,,,,50819825.0,53980556.0,,,,342170619.0,411056469.0,,,858027469.0,104800381.0,753227088.0,2026-Q3,1.4018139964979244,,,1.0352905333984763,,-6.103459617094103,,,-8.2808077343677,,2850.0,,,5573.0,,209.0,,,853.0,,219.0,,,80.0,
onetrust.com,OneTrust,Business Tools,onetrust.com,OneTrust,company-logos/onetrust.com/logo_200x200.jpeg,company-logos/onetrust.com/logo_200x200.jpeg,,,0.0,157804784.0,61828883.0,,,23.0,163331155.0,382964845.0,157804784.0,225160061.0,2026-Q3,,1.3044620639557347,0.28814778747556374,,0.965187984881639,,-1.3285499944274277,-6.900234704977,,-2.832140603263112,,2532.0,793.0,,3639.0,,51.0,22.0,,84.0,,21.0,0.0,,63.0
helpshift.com,HelpShift,Business Tools,helpshift.com,HelpShift,company-logos/helpshift.com/logo_200x200.jpeg,company-logos/helpshift.com/logo_200x200.jpeg,,,1751.0,100015456.0,136015176.0,,,2214975.0,337219117.0,575466475.0,100017207.0,475449268.0,2026-Q3,,1.4018330474026677,0.4382171900321941,,0.9039188382733241,,-1.3006274604940897,-7.878980780979067,,-3.6473309274780057,,2721.0,1206.0,,3408.0,,57.0,21.0,,90.0,,24.0,0.0,,99.0
brainx.tech,brainx.tech,,,,,,29631666.0,270920529.0,,,,494454372.0,1717684911.0,,,2512691478.0,300552195.0,2212139283.0,2026-Q3,1.6447950892242311,,,0.7137244265775966,,-9.948056459675128,,,-10.890269001764514,,3344.0,,,3842.0,,235.0,,,554.0,,390.0,,,118.0,
clydo.io,clydo.io,,,,,,82588736.0,159686696.0,,,,481773336.0,838343111.0,,,1562391879.0,242275432.0,1320116447.0,2026-Q3,1.519861490939855,,,0.8454346343973561,,-4.098041515857351,,,-9.167041156062734,,3090.0,,,4551.0,,201.0,,,717.0,,147.0,,,124.0,
adverty.com,adverty.com,,,,,,38783586.0,59854785.0,,,6646898.0,371568533.0,315082002.0,,,791935804.0,98638371.0,693297433.0,2026-Q3,1.5621618431148798,,0.02924736773690368,0.7328586316628367,,-1.2988845238540891,,-9.506477750335804,-8.150760736379912,,3176.0,,27.0,3945.0,,307.0,,0.0,713.0,,163.0,,0.0,161.0,
prado.co,prado.co,,,,,,10443641.0,550986802.0,,,668888.0,142267936.0,5301664165.0,,,6006031432.0,561430443.0,5444600989.0,2026-Q3,1.0943986463887305,,0.0032497075263226314,1.199696081946413,,-4.8330212028857416,,-9.5064777503358,-3.0289373945443026,,2225.0,,3.0,6458.0,,178.0,,0.0,1291.0,,156.0,,0.0,94.0,
soundcast.io,soundcast.io,,,,,,31032273.0,77749299.0,,,,155115508.0,357119111.0,,,621016191.0,108781572.0,512234619.0,2026-Q3,1.8218663308871268,,,0.4549482354733301,,-10.233253307171804,,,-17.110341733566298,,3704.0,,,2449.0,,198.0,,,189.0,,382.0,,,74.0,
tenjin.com,Tenjin,Analytics: Attribution,tenjin.com,Tenjin,company-logos/tenjin.com/logo_200x200.jpeg,company-logos/tenjin.com/logo_200x200.jpeg,,,0.0,10890676.0,68976716.0,,,6.0,190395644.0,270263042.0,10890676.0,259372366.0,2026-Q3,,0.8871578491831656,0.47310015043276676,,1.2993833300179032,,2.5024778676190547,-5.110279972620243,,0.4197514199895981,,1722.0,1302.0,,4899.0,,87.0,60.0,,279.0,,3.0,0.0,,93.0
programmaticians.com,programmaticians.com,,,,,,43216991.0,174379464.0,,,,295000798.0,1030768490.0,,,1543365743.0,217596455.0,1325769288.0,2026-Q3,1.2862258248568674,,,0.9414771977863768,,-5.881972864016331,,,-11.307383479692566,,2615.0,,,5068.0,,186.0,,,728.0,,189.0,,,174.0,
netmarvel.com,netmarvel.com,,,,,,45144038.0,181199054.0,,,,491613829.0,1138685007.0,,,1856641928.0,226343092.0,1630298836.0,2026-Q3,1.4436224841127747,,,0.7915616297884277,,-6.062053104959187,,,-11.32570462081666,,2935.0,,,4261.0,,190.0,,,621.0,,199.0,,,156.0,
adeclipse.io,adeclipse.io,,,,,,38764424.0,228069.0,,,,248482108.0,7981612.0,,,295456213.0,38992493.0,256463720.0,2026-Q3,1.2109705471501369,,,1.0185713250715676,,-6.041143480354573,,,-10.3781578460462,,2462.0,,,5483.0,,171.0,,,734.0,,178.0,,,84.0,
loyal.app,Loyal,Publishers,loyal.app,Loyal,company-logos/loyal.app/logo_200x200.jpeg,company-logos/loyal.app/logo_200x200.jpeg,6178698.0,309007276.0,7401.0,,1214.0,93533035.0,1709727119.0,186275.0,,2118641018.0,315193375.0,1803447643.0,2026-Q3,1.0655351870200236,,0.004360370050071583,1.176883718131107,,-5.674082937346111,,-9.483078130564014,-4.20946156851555,,6474.0,,12.0,18969.0,,510.0,,0.0,3642.0,,498.0,,0.0,312.0,
linkedin.com,LinkedIn,Analytics: Product,microsoft.com,Microsoft,company-logos/linkedin.com/logo_1024x538.jpeg,company-logos/microsoft.com/logo_200x200.jpeg,4735.0,,,200485.0,13038304.0,58.0,58.0,,869404904.0,882648544.0,205220.0,882443324.0,2026-Q3,0.0014798554674493457,0.020092425155716295,0.08598124738110915,0.0009301884282699146,1.7314501690869306,-5.830137256594615,5.627553412363543,-9.488955763192411,,-8.680670513026348,6.0,26.0,158.0,10.0,4352.0,0.0,2.0,0.0,10.0,270.0,0.0,0.0,0.0,0.0,522.0
connectad.io,connectad.io,,,,,,45272468.0,455560995.0,,,22412.0,352076114.0,3485895192.0,,,4338827181.0,500833463.0,3837993718.0,2026-Q3,1.5370767505459697,,0.009749122578967892,0.6602229599314884,,-14.252691897105162,,1.8052125308722065,-13.533565569428472,,3125.0,,9.0,3554.0,,180.0,,1.0,356.0,,489.0,,0.0,49.0,
minutemedia.com,minutemedia.com,,,,,,53569444.0,358126690.0,,,,276232405.0,2965621910.0,,,3653550449.0,411696134.0,3241854315.0,2026-Q3,1.454935368996793,,,0.7278428691647642,,-8.676109533634792,,,-12.07058497216759,,2958.0,,,3918.0,,104.0,,,481.0,,198.0,,,83.0,
smartclip.net,smartclip.net,,,,,,71996505.0,633273351.0,,,69904.0,720232874.0,6319785180.0,,,7745357814.0,705269856.0,7040087958.0,2026-Q3,1.6443032246640565,,0.0021664716842150875,0.5701250039475908,,-12.085536018512803,,-9.5064777503358,-16.370194100140306,,3343.0,,2.0,3069.0,,158.0,,0.0,243.0,,398.0,,0.0,73.0,
ysocorp.com,YSO Corp,Ad Networks,ysocorp.com,YSO Corp,company-logos/ysocorp.com/logo_200x200.jpeg,company-logos/ysocorp.com/logo_200x200.jpeg,167512.0,,167512.0,52949713.0,63990850.0,8446951.0,,8469489.0,391190034.0,525382061.0,53284737.0,472097324.0,2026-Q3,0.11724721352350138,0.9288882706604225,0.05341453311337689,0.04769463509878006,0.9978118161925602,-6.28203610805102,1.2071097661705605,-1.437129519947466,-14.345083568554037,2.752612736009266,237.0,601.0,147.0,256.0,1254.0,3.0,25.0,12.0,23.0,99.0,4.0,3.0,0.0,3.0,24.0
ysonetwork.com,YSO Network,Ad Networks,ysocorp.com,YSO Corp,company-logos/ysonetwork.com/logo_200x200.jpeg,company-logos/ysocorp.com/logo_200x200.jpeg,167512.0,,,52949713.0,63876659.0,8446951.0,,,391190034.0,516630869.0,53117225.0,463513644.0,2026-Q3,0.11690858192849832,0.9288882706604225,0.15672531168202175,0.04762564752741963,0.9978118161925602,-6.225808948793784,1.2071097661705605,-1.2606790143917208,-14.326505187952526,2.752612736009266,474.0,1202.0,288.0,512.0,2508.0,6.0,50.0,24.0,46.0,198.0,8.0,6.0,0.0,6.0,48.0
resetdigital.co,resetdigital.co,,,,,,18465808.0,125435852.0,,,2775.0,113951714.0,737200554.0,,,995056703.0,143901660.0,851155043.0,2026-Q3,1.666928994432093,,0.0010832358421075437,0.5095643160078989,,-12.247342529716507,,-9.5064777503358,-12.695536840943209,,3389.0,,1.0,2743.0,,213.0,,0.0,326.0,,463.0,,0.0,65.0,
antipodesdigital.com,antipodesdigital.com,,,,,,38157524.0,276354390.0,,,,258179486.0,1683480909.0,,,2256172309.0,314511914.0,1941660395.0,2026-Q3,1.5715072697581993,,,0.5862869053302694,,-11.246439811229802,,,-11.777928146790382,,3195.0,,,3156.0,,183.0,,,447.0,,380.0,,,117.0,
springserve.com,springserve.com,,,,,,45755132.0,148462595.0,,,65771.0,410834004.0,1013630375.0,,,1618747877.0,194217727.0,1424530150.0,2026-Q3,1.370334664646743,,0.00866588673686035,0.7767001112756199,,-10.679264589414114,,3.421168285330508,-16.678143587436693,,2786.0,,8.0,4181.0,,70.0,,1.0,242.0,,223.0,,0.0,25.0,
blasto.ai,blasto.ai,,,,,,16066474.0,420189536.0,,,,417663256.0,3293129641.0,,,4147048907.0,436256010.0,3710792897.0,2026-Q3,1.0811183032640133,,,1.096965835226629,,-4.293552570247796,,,-1.8764752627371095,,2198.0,,,5905.0,,172.0,,,1238.0,,138.0,,,87.0,
alkimiexchange.com,alkimiexchange.com,,,,,,77277189.0,127310578.0,,,,503935318.0,729658657.0,,,1438181742.0,204587767.0,1233593975.0,2026-Q3,1.3742695811281407,,,0.7703839659076765,,-6.5101387119542595,,,-11.745169832324914,,2794.0,,,4147.0,,127.0,,,607.0,,149.0,,,172.0,
venatus.com,venatus.com,,,,,,91935438.0,130897313.0,,,,533381332.0,897305707.0,,,1653519790.0,222832751.0,1430687039.0,2026-Q3,1.3541031341609773,,,0.7700124279448564,,-5.671206069787531,,,-11.28584802996195,,2753.0,,,4145.0,,181.0,,,622.0,,178.0,,,168.0,
ivs.tv,ivs.tv,,,,,,45419160.0,62520018.0,,,,303715024.0,693772638.0,,,1105426840.0,107939178.0,997487662.0,2026-Q3,1.1475200188875991,,,0.9973936611908164,,-2.9451379698549784,,,-6.039728078624579,,2333.0,,,5369.0,,208.0,,,921.0,,140.0,,,66.0,
theagenticx.ai,theagenticx.ai,,,,,,57179249.0,95022836.0,,,,310257005.0,452263573.0,,,914722663.0,152202085.0,762520578.0,2026-Q3,1.326066854231019,,,0.8199842839441727,,,,,,,2696.0,,,4414.0,,2696.0,,,4414.0,,0.0,,,0.0,
spotim.market,spotim.market,,,,,,31347172.0,276680303.0,,,,176822290.0,1721958486.0,,,2206808251.0,308027475.0,1898780776.0,2026-Q3,1.5719991343183741,,,0.5385442771078741,,-10.212790053000411,,,-9.94366452271414,,3196.0,,,2899.0,,167.0,,,435.0,,325.0,,,79.0,
adtrue.com,adtrue.com,,,,,,23657431.0,488742.0,,,,192168846.0,57662593.0,,,273977612.0,24146173.0,249831439.0,2026-Q3,1.4780530033250043,,,0.6030061136571783,,-11.819017192784875,,,-14.7522158237544,,3005.0,,,3246.0,,171.0,,,360.0,,377.0,,,122.0,
bugsnag.com,Bugsnag,Business Tools,bugsnag.com,Bugsnag,company-logos/bugsnag.com/logo_200x200.jpeg,company-logos/bugsnag.com/logo_200x200.jpeg,,,,93754882.0,155717136.0,,,,350705600.0,600177618.0,93754882.0,506422736.0,2026-Q3,,0.9350705553237199,0.6355239347979331,,0.995424706584444,,-0.1879424998360986,-4.3997002719543925,,-3.0829919397562686,,1815.0,1749.0,,3753.0,,57.0,93.0,,120.0,,15.0,0.0,,108.0
visiblemeasures.com,visiblemeasures.com,,,,,,76542207.0,616237150.0,,,439719.0,366233415.0,6444289906.0,,,7503742397.0,692779357.0,6810963040.0,2026-Q3,1.0963661046294293,,0.00866588673686035,1.0170851732202868,,-6.026953781765041,,-9.5064777503358,-8.502139943714651,,2229.0,,8.0,5475.0,,134.0,,0.0,803.0,,140.0,,0.0,55.0,
altitude-ssp.com,altitude-ssp.com,,,,,,37964341.0,29290.0,,,,268073580.0,575280.0,,,306642491.0,37993631.0,268648860.0,2026-Q3,1.3319692289531155,,,0.7428901566589821,,-6.464804537639517,,,-12.002695078426516,,2708.0,,,3999.0,,170.0,,,570.0,,190.0,,,161.0,
comscore.com,Comscore,Business Tools,comscore.com,Comscore,company-logos/comscore.com/logo_200x200.jpeg,company-logos/comscore.com/logo_200x200.jpeg,,,0.0,62785544.0,205799489.0,,,,168892092.0,437477125.0,62785544.0,374691581.0,2026-Q3,,1.080354244911207,1.0793373065777243,,0.7710364034215237,,-2.3579548134333943,14.406990509257774,,-2.588656840987907,,2097.0,1974.0,,2907.0,,27.0,412.0,,63.0,,24.0,0.0,,39.0
thinkingdata.io,ThinkingData,Business Tools,thinkingdata.io,ThinkingData,company-logos/thinkingdata.io/logo_200x200.jpeg,company-logos/thinkingdata.io/logo_200x200.jpeg,,,,18293994.0,,,,,314806780.0,333100774.0,18293994.0,314806780.0,2026-Q3,,0.505401771224556,,,1.4680724089914463,,2.5185554266916874,,,0.5869860316368538,,981.0,,,5535.0,,54.0,,,339.0,,6.0,,,120.0
alibaba.com,Alibaba,Business Tools,alibaba.com,Alibaba,company-logos/alibaba.com/logo_200x200.jpeg,company-logos/alibaba.com/logo_200x200.jpeg,10084.0,,1707151.0,55835040.0,461245435.0,5488493.0,,11406839.0,323071822.0,858764864.0,57552275.0,801212589.0,2026-Q3,0.0004947139811118202,1.2874607811316672,1.026140418450179,0.0005589215050638289,0.7026059279888601,-5.886601661249554,-0.7097024722601084,-3.1743229699669744,-21.036873914760744,-2.1742106386978324,1.0,833.0,2824.0,3.0,883.0,0.0,18.0,184.0,0.0,32.0,0.0,3.0,0.0,0.0,21.0
alipay.com,Alipay,Business Tools,alibaba.com,Alibaba,company-logos/alipay.com/logo_200x200.jpeg,company-logos/alibaba.com/logo_200x200.jpeg,,,178451.0,55835040.0,17801797.0,,,457213.0,323071822.0,397344323.0,56013491.0,341330832.0,2026-Q3,,1.2874607811316672,0.0108837022001404,,0.7026059279888601,,-0.7097024722601084,0.5678269297862073,,-2.1742106386978324,,1666.0,20.0,,1766.0,,36.0,2.0,,64.0,,6.0,0.0,,42.0
adapex.io,adapex.io,,,,,,58919594.0,304089608.0,,,,430435632.0,2009272572.0,,,2802717406.0,363009202.0,2439708204.0,2026-Q3,1.326066854231019,,,0.7038786705628615,,-7.455992277529296,,,-12.63254954363572,,2696.0,,,3789.0,,113.0,,,485.0,,162.0,,,122.0,
mcgads.com,mcgads.com,,,,,,6395077.0,285791190.0,,,,116515219.0,1645496309.0,,,2054197795.0,292186267.0,1762011528.0,2026-Q3,0.9970094634741378,,,1.017642480164517,,-4.549672209756577,,,-1.7822568139900228,,2027.0,,,5478.0,,161.0,,,1149.0,,135.0,,,77.0,
clevertap.com,CleverTap,Analytics: Product,clevertap.com,CleverTap,company-logos/clevertap.com/logo_200x200.jpeg,company-logos/clevertap.com/logo_200x200.jpeg,,,,40894301.0,163293031.0,,,14.0,354629401.0,558816747.0,40894301.0,517922446.0,2026-Q3,,0.903128751230017,0.43567364083631893,,0.9033883694715205,,-1.5428388167990303,-5.2968679568466595,,-3.136927884097633,,1753.0,1199.0,,3406.0,,39.0,53.0,,122.0,,22.0,0.0,,113.0
adelement.com,adelement.com,,,,,,90474482.0,622506902.0,,,21220547.0,443994037.0,6281427506.0,,,7459623474.0,712981384.0,6746642090.0,2026-Q3,1.2670431070100538,,0.04332943368430175,0.714467502503237,,-4.060798036834386,,34.064477406909916,-11.473271240679189,,2576.0,,40.0,3846.0,,210.0,,13.0,549.0,,164.0,,0.0,135.0,
rixserv.com,rixserv.com,,,,,,27169111.0,84686259.0,,,,371390242.0,912527828.0,,,1395773440.0,111855370.0,1283918070.0,2026-Q3,0.9876640368308184,,,0.9697140829607117,,-5.6330115353401355,,,-5.744899380885072,,2008.0,,,5220.0,,156.0,,,930.0,,153.0,,,85.0,
adbite.com,adbite.com,,,,,,59417010.0,192655427.0,,,,560992419.0,1322466381.0,,,2135531237.0,252072437.0,1883458800.0,2026-Q3,1.2463847954827159,,,0.7107521228750351,,-4.606996050408142,,,-11.313442930752835,,2534.0,,,3826.0,,173.0,,,566.0,,142.0,,,148.0,
linepluscorp.com,Line,Business Tools,linepluscorp.com,Line,company-logos/linepluscorp.com/logo_200x200.jpeg,company-logos/linepluscorp.com/logo_200x200.jpeg,,,,68874130.0,,,,,387393344.0,456267474.0,68874130.0,387393344.0,2026-Q3,,0.7326007326007326,,,1.1688880047742192,,-1.247612786074329,,,-2.664018142906235,,1422.0,,,4407.0,,24.0,,,123.0,,6.0,,,90.0
terabox.com,Flextech Inc.,Publishers,terabox.com,Flextech Inc.,company-logos/terabox.com/logo_200x200.jpeg,company-logos/terabox.com/logo_200x200.jpeg,25127742.0,41260095.0,44516.0,,7338498.0,374429363.0,394318799.0,7261767.0,,849780780.0,66432353.0,783348427.0,2026-Q3,0.9835709418646372,,0.0021801850250357914,0.965070706707226,,-5.659483662146807,,-9.483078130564014,-5.627324395375149,,5976.0,,6.0,15555.0,,471.0,,0.0,2793.0,,459.0,,0.0,255.0,
infolinks.com,infolinks.com,,,,,,48691971.0,448740.0,,,117.0,166252746.0,24657321.0,,,240050895.0,49140711.0,190910184.0,2026-Q3,1.2281858067562517,,0.0010832358421075437,0.6238122395751092,,-4.356777717687646,,-9.5064777503358,-11.898692853498066,,2497.0,,1.0,3358.0,,326.0,,0.0,433.0,,289.0,,0.0,86.0,
primis.tech,primis.tech,,,,,,60278289.0,9336.0,,,42720.0,272034984.0,3091.0,,,332368420.0,60287625.0,272080795.0,2026-Q3,1.3314773643929407,,0.00866588673686035,0.5808996048693765,,-9.195518967820838,,-9.5064777503358,-15.460420098330582,,2707.0,,8.0,3127.0,,112.0,,0.0,261.0,,214.0,,0.0,56.0,
x.com,Twitter X,Ad Networks,x.com,Twitter X,company-logos/x.com/logo_200x200.jpeg,company-logos/x.com/logo_200x200.jpeg,4885.0,,13214286.0,26242581.0,16993601.0,58.0,58.0,30810150.0,309630272.0,396895891.0,39461752.0,357434139.0,2026-Q3,0.0019788559244472807,0.7217817344399623,0.06794909994694884,0.000931535841773048,0.9842848617465686,25.484531118333926,-1.8672398337391867,-6.996349507777297,,-3.936487661163474,8.0,1401.0,187.0,10.0,3711.0,2.0,21.0,5.0,10.0,54.0,0.0,12.0,0.0,0.0,75.0
applike-group.com,AppLike,Ad Networks,applike-group.com,AppLike,company-logos/applike-group.com/logo_200x200.jpeg,company-logos/applike-group.com/logo_200x200.jpeg,40253872.0,,,39009283.0,45766394.0,173348264.0,,,163892796.0,462270609.0,79263155.0,383007454.0,2026-Q3,0.7113987048387974,0.29674966383827145,0.10170047569577341,0.3670251216585809,0.16842384457264106,-4.559191247444891,2.297554881078438,2.6728314634012866,-8.764012675705969,-0.7354010028692943,1438.0,192.0,93.0,1970.0,635.0,87.0,10.0,11.0,353.0,32.0,67.0,1.0,0.0,88.0,15.0
adpone.com,adpone.com,,,,,,7787750.0,5197173.0,,,,161894818.0,316232160.0,,,491111901.0,12984923.0,478126978.0,2026-Q3,1.2990143034214099,,,0.5415165808104357,,-15.067962084595193,,,-12.773780906540255,,2641.0,,,2915.0,,168.0,,,324.0,,457.0,,,49.0,
adjoe-programmatic.com,AdJoe,Ad Networks,applike-group.com,AppLike,company-logos/adjoe-programmatic.com/logo_200x200.jpeg,company-logos/applike-group.com/logo_200x200.jpeg,40253872.0,,,39009283.0,39645044.0,173348264.0,,,162898169.0,455154632.0,79263155.0,375891477.0,2026-Q3,0.691585788454661,0.29674966383827145,0.05768362166074412,0.3532855650569136,0.47821762482593994,-4.5709088787463905,2.297554881078438,2.065645628740479,-9.183469268121675,-0.5806848497565112,2804.0,384.0,106.0,3798.0,1202.0,166.0,20.0,12.0,668.0,64.0,129.0,2.0,0.0,173.0,30.0
se7en.es,se7en.es,,,,,,62174273.0,591016932.0,350.0,,,325419129.0,5945650926.0,,,6924261610.0,653191555.0,6271070055.0,2026-Q3,1.2217915674739803,,,0.6657960293737913,,-4.893381231441304,,,-10.93852390341054,,2484.0,,,3584.0,,130.0,,,556.0,,107.0,,,151.0,
pwr-games.com,pwr-games.com,,,,,,20800998.0,177832184.0,0.0,,,125793129.0,978446646.0,,,1302872957.0,198633182.0,1104239775.0,2026-Q3,0.9832372557892458,,,0.9158410783517833,,12.721590577073641,,,7.703771947927016,,1999.0,,,4930.0,,438.0,,,1372.0,,110.0,,,58.0,
usercentrics.com,UserCentrics,Business Tools,usercentrics.com,UserCentrics,company-logos/usercentrics.com/logo_200x200.jpeg,company-logos/usercentrics.com/logo_200x200.jpeg,,,0.0,42182493.0,101385765.0,,,,278722513.0,422290771.0,42182493.0,380108278.0,2026-Q3,,0.7295095902690839,0.49756684345781615,,1.017704396260195,,-0.816567883350961,-8.465392069307006,,-2.5548040580863347,,1416.0,910.0,,3837.0,,30.0,10.0,,135.0,,6.0,0.0,,102.0
blis.com,blis.com,,,,,,65867110.0,608555133.0,,,,302129358.0,6272916753.0,,,7249468354.0,674422243.0,6575046111.0,2026-Q3,1.2419580144411435,,,0.60634995532256,,-6.108660272898419,,,-13.065648431846919,,2525.0,,,3264.0,,98.0,,,383.0,,107.0,,,85.0,
thinkcultural.com,thinkcultural.com,,,,,,25475142.0,31042255.0,,,,420205260.0,193718282.0,,,670440939.0,56517397.0,613923542.0,2026-Q3,1.4116512877014185,,,0.4133359836374681,,-10.513360180783254,,,-13.114651328761685,,2870.0,,,2225.0,,159.0,,,271.0,,311.0,,,69.0,
relict.media,relict.media,,,,,,54366315.0,2715705.0,,,,377321154.0,270464424.0,,,704867598.0,57082020.0,647785578.0,2026-Q3,1.2399905562004445,,,0.54969041599248,,-7.462504534178817,,,-16.03696086611991,,2521.0,,,2959.0,,136.0,,,324.0,,182.0,,,149.0,
appi-fy.ai,appi-fy.ai,,,,,,36341648.0,77192812.0,,,,230757909.0,452768783.0,,,797061152.0,113534460.0,683526692.0,2026-Q3,0.98471284946977,,,0.7859885603461249,,-6.567381941518398,,,-9.884684458239995,,2002.0,,,4231.0,,143.0,,,595.0,,160.0,,,73.0,
kelmak.com,kelmak.com,,,,,,36341648.0,215361303.0,,,,230757866.0,1822296333.0,,,2304757150.0,251702951.0,2053054199.0,2026-Q3,0.98471284946977,,,0.7852454844204844,,-6.521082329001786,,,-9.872681235522576,,2002.0,,,4227.0,,143.0,,,595.0,,159.0,,,73.0,
newrelic.com,New Relic,Development Tools,newrelic.com,New Relic,company-logos/newrelic.com/logo_200x200.jpeg,company-logos/newrelic.com/logo_200x200.jpeg,,,300.0,73719986.0,76218883.0,,,252.0,130580924.0,280520345.0,73720286.0,206800059.0,2026-Q3,,0.8902489915148143,0.690028560423828,,0.7710364034215237,,-0.7749865199433624,-2.886082129910199,,-3.987383819681426,,1728.0,1899.0,,2907.0,,48.0,129.0,,69.0,,18.0,0.0,,87.0
revcontent.com,revcontent.com,,,,,,26454715.0,12074324.0,,,286797.0,162871692.0,98965124.0,,,300652652.0,38529039.0,262123613.0,2026-Q3,1.1160406870364177,,0.03574678278954894,0.6409029858648382,,-11.980733480905924,,-9.506477750335815,-16.270110530232532,,2269.0,,33.0,3450.0,,53.0,,0.0,223.0,,213.0,,0.0,28.0,
mobimight.com,mobimight.com,,,,,,76887814.0,315721386.0,,,,370132413.0,3311139529.0,,,4073881142.0,392609200.0,3681271942.0,2026-Q3,1.1022684793515258,,,0.6617091117827691,,-4.710979097070193,,,-12.093567247715193,,2241.0,,,3562.0,,142.0,,,503.0,,117.0,,,142.0,
kickads.mobi,kickads.mobi,,,,,,41348288.0,482252.0,,,,664459775.0,41052186.0,,,747342501.0,41830540.0,705511961.0,2026-Q3,1.0466877840517834,,,0.7003490599160697,,-8.940539462753817,,,-10.564583788585875,,2128.0,,,3770.0,,109.0,,,529.0,,183.0,,,89.0,
instal.com,instal.com,,,,,,52169293.0,427036249.0,,,,315403604.0,3931602364.0,,,4726211510.0,479205542.0,4247005968.0,2026-Q3,1.1971983394652448,,,0.5325996697027511,,-6.389351553870417,,,-12.789623972758418,,2434.0,,,2867.0,,130.0,,,403.0,,146.0,,,133.0,
elixirvideo.co,elixirvideo.co,,,,,,80038659.0,293829952.0,,,,369347832.0,3188680484.0,,,3931896927.0,373868611.0,3558028316.0,2026-Q3,1.0757077931020913,,,0.6464760553071411,,-3.8842041899372606,,,-11.490434597847637,,2187.0,,,3480.0,,156.0,,,516.0,,113.0,,,142.0,
volantisdigital.com,volantisdigital.com,,,,,,29454958.0,323725936.0,,,,379688285.0,1863271884.0,,,2596141063.0,353180894.0,2242960169.0,2026-Q3,1.3585299152025498,,,0.36020605495418007,,-10.164923256666466,,,-13.41106623007896,,2762.0,,,1939.0,,156.0,,,232.0,,291.0,,,62.0,
adte.com,adte.com,,,,,,9601855.0,194342008.0,,,,92948673.0,1262128372.0,,,1559020908.0,203943863.0,1355077045.0,2026-Q3,0.8312511066952605,,,0.902094173727436,,-4.759603314291645,,,1.8346262030059846,,1690.0,,,4856.0,,138.0,,,1147.0,,120.0,,,58.0,
bidinfluence.com,bidinfluence.com,,,,,,30997345.0,248386962.0,,,,437305365.0,1592715583.0,,,2309405255.0,279384307.0,2030020948.0,2026-Q3,1.023570149723572,,,0.667096412243662,,-9.3880267964903,,,-14.477113709811256,,2081.0,,,3591.0,,64.0,,,379.0,,147.0,,,105.0,
152media.com,152media.com,,,,,,29967945.0,37374598.0,,,,218516826.0,430692524.0,,,716551893.0,67342543.0,649209350.0,2026-Q3,1.0088142129183308,,,0.6774994752026275,,-6.953524335795995,,,-17.02094921297773,,2051.0,,,3647.0,,75.0,,,304.0,,101.0,,,129.0,
tapboost.co.in,tapboost.co.in,,,,,,62510942.0,,,,,242574949.0,,,,305085891.0,62510942.0,242574949.0,2026-Q3,1.354594998721152,,,0.3217518758022898,,-6.989817451608461,,,1.803107459482686,,2754.0,,,1732.0,,335.0,,,418.0,,371.0,,,30.0,
cinemoon.tv,cinemoon.tv,,,,,,30608384.0,228069.0,,,,228024670.0,4791189.0,,,263652312.0,30836453.0,232815859.0,2026-Q3,0.8971609577586717,,,0.7640678205397332,,-6.846489150747434,,,-8.757084991457766,,1824.0,,,4113.0,,123.0,,,602.0,,144.0,,,50.0,
kargo.com,kargo.com,,,,,,63632081.0,341977908.0,,,14723609.0,592015229.0,2319310070.0,,,3331658897.0,405609989.0,2926048908.0,2026-Q3,1.1145650933558935,,0.02383118852636596,0.5459750363642781,,-10.287344382733119,,10.603193860700692,-16.454424491281955,,2266.0,,22.0,2939.0,,100.0,,4.0,202.0,,214.0,,0.0,42.0,
singularads.,singularads.,,,,,,35699513.0,217816957.0,,,,359564196.0,2212672171.0,,,2825752837.0,253516470.0,2572236367.0,2026-Q3,1.0024199736360595,,,0.6637525705782803,,-5.542256798088405,,,-8.772636756444479,,2038.0,,,3573.0,,141.0,,,580.0,,136.0,,,101.0,
boldscreen.com,boldscreen.com,,,,,,23621739.0,82613874.0,,,,125670415.0,554528976.0,,,786435004.0,106235613.0,680199391.0,2026-Q3,1.332952958073465,,,0.3198941859881888,,-10.809477741817819,,,-14.605522209323707,,2710.0,,,1722.0,,154.0,,,188.0,,307.0,,,59.0,
madhive.com,madhive.com,,,,,,22127825.0,27542967.0,,,,99985961.0,145475812.0,,,295132565.0,49670792.0,245461773.0,2026-Q3,1.3285261770318924,,,0.31580726839716666,,-11.997084644598004,,,-17.152707063816692,,2701.0,,,1700.0,,137.0,,,132.0,,328.0,,,53.0,
markito.tv,markito.tv,,,,,,30608384.0,228069.0,,,,218648020.0,4791189.0,,,254275662.0,30836453.0,223439209.0,2026-Q3,0.8971609577586717,,,0.7464197673057739,,-6.846489150747434,,,-8.842253317649682,,1824.0,,,4018.0,,123.0,,,586.0,,144.0,,,50.0,
engagemedia.tv,engagemedia.tv,,,,,,28486935.0,160856183.0,,,,205095506.0,1967177619.0,0.0,,2361616243.0,189343118.0,2172273125.0,2026-Q3,1.0506227005331812,,,0.5926030506982127,,-6.169351926134746,,,-11.110587550560332,,2136.0,,,3190.0,,137.0,,,487.0,,146.0,,,132.0,
unifd.la,unifd.la,,,,,,23610773.0,67371649.0,,,,125490814.0,523200272.0,,,739673508.0,90982422.0,648691086.0,2026-Q3,1.3240993959903202,,,0.31487842349011613,,-10.809986923182247,,,-14.440590928399718,,2692.0,,,1695.0,,154.0,,,187.0,,306.0,,,57.0,
adreact.com,adreact.com,,,,,,33522022.0,49772572.0,,,,159454116.0,238346050.0,,,481094760.0,83294594.0,397800166.0,2026-Q3,1.0924311881480315,,,0.5329712076655713,,-9.325844765021554,,,-12.45911888615456,,2221.0,,,2869.0,,129.0,,,351.0,,216.0,,,71.0,
developer.huawei.com,Huawei Analytics,Analytics: Attribution,hicloud.com,Huawei,company-logos/developer.huawei.com/logo_200x200.jpeg,company-logos/hicloud.com/logo_200x200.jpeg,,,,,,,,,334906070.0,334906070.0,,334906070.0,2026-Q3,,,,,1.46568529938333,,,,,-3.129930384632839,,,,,3684.0,,,,,114.0,,,,,104.0
astartea.ai,astartea.ai,,,,,,9235464.0,74804752.0,,,,98177662.0,344633998.0,,,526851876.0,84040216.0,442811660.0,2026-Q3,0.7796053278769157,,,0.8480354001370976,,-2.3867888522530283,,,0.36816413339829784,,1585.0,,,4565.0,,155.0,,,1027.0,,100.0,,,55.0,
readwhere.digital,readwhere.digital,,,,,,19682928.0,50587069.0,,,,360581111.0,302917842.0,,,733768950.0,70269997.0,663498953.0,2026-Q3,1.2085112243492633,,,0.3615064378240508,,-13.74318675955141,,,-15.254241922553202,,2457.0,,,1946.0,,134.0,,,195.0,,361.0,,,63.0,
smrtconnect.com,smrtconnect.com,,,,,,78291954.0,340756889.0,,,,377018208.0,2383614555.0,,,3179681606.0,419048843.0,2760632763.0,2026-Q3,1.006846754677632,,,0.5859153673674492,,-3.6078830850378365,,,-10.503742673789175,,2047.0,,,3154.0,,140.0,,,495.0,,94.0,,,125.0,
fasttvltd.com,fasttvltd.com,,,,,,16316334.0,338488932.0,,,,326867008.0,2217965561.0,,,2899637835.0,354805266.0,2544832569.0,2026-Q3,0.8238731382926399,,,0.7804154909038219,,-0.23479568294391176,,,1.3336749402735086,,1675.0,,,4201.0,,174.0,,,971.0,,81.0,,,45.0,
almaty-digital.com,almaty-digital.com,,,,,,31087656.0,13496247.0,,,,272338438.0,137154003.0,,,454076344.0,44583903.0,409492441.0,2026-Q3,0.9704487772247035,,,0.5870299812559098,,-5.86941680802064,,,-12.47140098907106,,1973.0,,,3160.0,,130.0,,,452.0,,132.0,,,144.0,
madopi.media,madopi.media,,,,,,68218563.0,194762380.0,,,,385310727.0,1398659462.0,,,2046951132.0,262980943.0,1783970189.0,2026-Q3,1.0835776260648866,,,0.47036706093036823,,-7.824208593417295,,,-13.85820808555794,,2203.0,,,2532.0,,125.0,,,348.0,,174.0,,,138.0,
agora.io,Agora,Business Tools,agora.io,Agora,company-logos/agora.io/logo_200x200.jpeg,company-logos/agora.io/logo_200x200.jpeg,,,0.0,,115699.0,,,44.0,258937852.0,259053595.0,0.0,259053595.0,2026-Q3,,,0.008720740100143166,,1.5365028844241098,,,-9.483078130564014,,-0.348102723923291,,,24.0,,5793.0,,,0.0,,267.0,,,0.0,,90.0
razorpay.com,RazorPay,Business Tools,razorpay.com,RazorPay,company-logos/razorpay.com/logo_200x200.png,company-logos/razorpay.com/logo_200x200.png,,,0.0,3485568.0,2440973.0,,,61022.0,381963411.0,387950974.0,3485568.0,384465406.0,2026-Q3,,0.22565339021035224,0.03488296040057266,,1.320867316490949,,9.502647087846702,-9.483078130564014,,-1.0685862045141215,,438.0,96.0,,4980.0,,48.0,0.0,,228.0,,0.0,0.0,,111.0
magicmedia.ae,magicmedia.ae,,,,,,21805529.0,161226253.0,,,,110162661.0,996295869.0,,,1289490312.0,183031782.0,1106458530.0,2026-Q3,1.2454010663623665,,,0.27549539943117535,,-10.206911222441786,,,-14.424367325704768,,2532.0,,,1483.0,,151.0,,,171.0,,276.0,,,57.0,
viously.com,viously.com,,,,,,38420921.0,3560678.0,,,,346784268.0,46523564.0,,,435289431.0,41981599.0,393307832.0,2026-Q3,1.230645129557125,,,0.29184306979526403,,-13.00610449294138,,,-14.58719462141291,,2502.0,,,1571.0,,126.0,,,145.0,,334.0,,,27.0,
weibo.com,Weibo,Business Tools,weibo.com,Weibo,company-logos/weibo.com/logo_200x200.jpeg,company-logos/weibo.com/logo_200x200.jpeg,,,198798.0,59854494.0,7.0,,,386013.0,165384717.0,225824029.0,60053292.0,165770737.0,2026-Q3,,1.2936430657949645,0.0010900925125178957,,0.19494728466282077,,-1.1991854652840952,-9.483078130564014,,-4.175122355474759,,2511.0,3.0,,735.0,,45.0,0.0,,9.0,,12.0,0.0,,15.0
audienciad.com,audienciad.com,,,,,,38691067.0,261232.0,,,,192580307.0,886645.0,,,232419251.0,38952299.0,193466952.0,2026-Q3,1.0142247230802526,,,0.4829993516662549,,-9.123472415453271,,,-15.68429421210322,,2062.0,,,2600.0,,104.0,,,234.0,,180.0,,,70.0,
kiviads.com,kiviads.com,,,,,,18704042.0,126607226.0,,,,573018702.0,878455944.0,,,1596785914.0,145311268.0,1451474646.0,2026-Q3,0.9015877388002439,,,0.5339000525726217,,-7.737039778726536,,,-13.804735058373371,,1833.0,,,2874.0,,94.0,,,366.0,,133.0,,,126.0,
serpensx.com,serpensx.com,,,,,,8760608.0,168021642.0,,,,83501679.0,1457484047.0,,,1717767976.0,176782250.0,1540985726.0,2026-Q3,0.7259920908178724,,,0.7436332325846224,,500.0,,,500.0,,1476.0,,,4003.0,,1288.0,,,3754.0,,18.0,,,4.0,
audire.fm,audire.fm,,,,,,20479044.0,168549015.0,,,,103311102.0,937527681.0,,,1229866842.0,189028059.0,1040838783.0,2026-Q3,1.1908041001829734,,,0.24372890361004865,,-10.36497026799527,,,-14.975801791915396,,2421.0,,,1312.0,,149.0,,,147.0,,273.0,,,54.0,
zeta.com,zeta.com,,,,,,17547942.0,295099206.0,,,,121741307.0,2274503906.0,,,2708892361.0,312647148.0,2396245213.0,2026-Q3,0.8617467094260924,,,0.5632515516354173,,-8.18467442822742,,,-15.21419253975114,,1752.0,,,3032.0,,75.0,,,299.0,,121.0,,,92.0,
rive.app,Rive,Development Tools,rive.app,Rive,company-logos/rive.app/logo_200x200.jpeg,company-logos/rive.app/logo_200x200.jpeg,,,0.0,106026304.0,,,,,423920103.0,529946407.0,106026304.0,423920103.0,2026-Q3,,0.9474351246503145,,,0.4408195742987866,,1.3032963365510064,,,1.749705960437217,,1839.0,,,1662.0,,72.0,,,144.0,,3.0,,,60.0
winvid.tv,winvid.tv,,,,,,25447775.0,229983692.0,,,,106295522.0,1349251534.0,,,1710978523.0,255431467.0,1455547056.0,2026-Q3,1.1740807051370334,,,0.23518353046518412,,-7.933906425543849,,,-10.223859593655984,,2387.0,,,1266.0,,221.0,,,206.0,,277.0,,,54.0,
mobismarter.com,mobismarter.com,,,,,,33916578.0,417348289.0,0.0,,,233742817.0,3904733341.0,,,4589741025.0,451264867.0,4138476158.0,2026-Q3,0.842072127019104,,,0.5619511687655465,,-6.103076076296425,,,-0.8024388701930929,,1712.0,,,3025.0,,116.0,,,675.0,,122.0,,,59.0,
omnijay.com,omnijay.com,,,,,,26903470.0,42886885.0,,,,228488097.0,230664885.0,,,528943337.0,69790355.0,459152982.0,2026-Q3,0.8219056800519409,,,0.5771842252411746,,-8.244959660914766,,,-15.914797580444223,,1671.0,,,3107.0,,40.0,,,268.0,,85.0,,,80.0,
storiezstudio.com,storiezstudio.com,,,,,,28313936.0,,,,,194643970.0,,,,222957906.0,28313936.0,194643970.0,2026-Q3,0.8789619690322072,,,0.5151373854502018,,-5.773998071890929,,,-12.270886072979147,,1787.0,,,2773.0,,113.0,,,404.0,,113.0,,,128.0,
ubrikvideo.com,ubrikvideo.com,,,,,,61528617.0,306972153.0,,,,276523401.0,3237738344.0,,,3882762515.0,368500770.0,3514261745.0,2026-Q3,0.8617467094260924,,,0.5303704419258298,,-2.374952467151325,,,-9.057508638407457,,1752.0,,,2855.0,,162.0,,,508.0,,101.0,,,133.0,
jamx.ai,jamx.ai,,,,,,19739367.0,27739493.0,,,,96245036.0,143491687.0,,,287215583.0,47478860.0,239736723.0,2026-Q3,1.1548979872902199,,,0.23072507491134175,,-10.681206085102906,,,-15.27229319458246,,2348.0,,,1242.0,,149.0,,,139.0,,278.0,,,55.0,
admile.com,admile.com,,,,,,19819172.0,372357349.0,,,,123842607.0,2278939422.0,5.0,,2794958555.0,392176521.0,2402782034.0,2026-Q3,1.1298128947213095,,,0.2595192670299069,,-10.931223691824462,,,-10.928756490611171,,2297.0,,,1397.0,,143.0,,,212.0,,276.0,,,54.0,
levelx.tv,levelx.tv,,,,,,20791396.0,227127775.0,,,,224770957.0,1596131788.0,,,2068821916.0,247919171.0,1820902745.0,2026-Q3,1.0707891475003444,,,0.2914715318324438,,-9.554670988759497,,,-7.846236762760178,,2177.0,,,1569.0,,190.0,,,288.0,,281.0,,,64.0,
showcasead.com,showcasead.com,,,,,,3608120.0,198777253.0,,,,69823642.0,1075944557.0,,,1348153572.0,202385373.0,1145768199.0,2026-Q3,0.6546717295925394,,,0.7291432520346348,,-2.400927185748494,,,1.8274292976907303,,1331.0,,,3925.0,,132.0,,,929.0,,86.0,,,49.0,
optad360.com,optad360.com,,,,,,31923098.0,34.0,,,,224161659.0,734.0,,,256085525.0,31923132.0,224162393.0,2026-Q3,0.8445314498199775,,,0.4653512984322956,,-13.204911314075485,,,-15.432344913742934,,1717.0,,,2505.0,,60.0,,,268.0,,207.0,,,103.0,
podium-audio.com,podium-audio.com,,,,,,19617627.0,27321781.0,,,,112351670.0,140688888.0,,,299979966.0,46939408.0,253040558.0,2026-Q3,1.1244023845593876,,,0.22125085685942675,,-11.138349666808027,,,-16.144544897337845,,2286.0,,,1191.0,,137.0,,,120.0,,275.0,,,51.0,
segment.com,Segment,Analytics: Product,segment.com,Segment,company-logos/segment.com/logo_200x200.jpeg,company-logos/segment.com/logo_200x200.jpeg,,,,13051847.0,36068921.0,,,,181052739.0,230173507.0,13051847.0,217121660.0,2026-Q3,,0.2442002442002442,0.4218658023444256,,1.0089516610304357,,-2.497643003972131,-5.4094092795543,,-2.624936313699345,,474.0,1161.0,,3804.0,,6.0,50.0,,138.0,,6.0,0.0,,108.0
pubsmart.ai,pubsmart.ai,,,,,,21084005.0,47445365.0,,,,373825305.0,394903154.0,,,837257829.0,68529370.0,768728459.0,2026-Q3,1.0968579691896039,,,0.24112813787030724,,-10.62357111880764,,,-8.854635565636624,,2230.0,,,1298.0,,159.0,,,226.0,,280.0,,,53.0,
twist.win,twist.win,,,,,,79156930.0,379573844.0,,,,530820575.0,2922046978.0,,,3911598327.0,458730774.0,3452867553.0,2026-Q3,0.8366616168571822,,,0.5013904808258546,,-5.0483238864256315,,,-13.362943917598322,,1701.0,,,2699.0,,123.0,,,294.0,,110.0,,,56.0,
genieesspv.jp,genieesspv.jp,,,,,,11013594.0,6408215.0,,,26704.0,138914280.0,66792109.0,,,223154902.0,17421809.0,205733093.0,2026-Q3,0.7097605603321069,,0.0032497075263226314,0.6126661006905033,,-5.314679120987894,,35.740283374496315,-12.278385189180781,,1443.0,,3.0,3298.0,,108.0,,1.0,403.0,,101.0,,0.0,75.0,
zeeker.com,zeeker.com,,,,,,18638786.0,31514276.0,,,,330072057.0,202267725.0,,,582492844.0,50153062.0,532339782.0,2026-Q3,1.0742321994215673,,,0.2184643221382753,,-11.867414042402464,,,-15.003787129285573,,2184.0,,,1176.0,,128.0,,,136.0,,279.0,,,53.0,
videoheroes.tv,videoheroes.tv,,,,,,102581828.0,632775732.0,,,,397436059.0,6891808394.0,,,8024602013.0,735357560.0,7289244453.0,2026-Q3,0.8912585830365751,,,0.4040475345669632,,-5.356144404803971,,,-8.019703513421698,,1812.0,,,2175.0,,104.0,,,375.0,,96.0,,,68.0,
brid.tv,brid.tv,,,,,,42285498.0,701.0,0.0,,,244126922.0,50640.0,39.0,,286463800.0,42286199.0,244177601.0,2026-Q3,0.8819131563932556,,,0.3858421743887736,,-6.504027970614501,,,-15.986965976470035,,1793.0,,,2077.0,,94.0,,,211.0,,108.0,,,87.0,
cash.app,Cash App,Business Tools,square.com,Square,company-logos/cash.app/logo_200x200.jpeg,company-logos/square.com/logo_200x200.jpeg,,,3573017.0,0.0,27752.0,,,1232879.0,346944566.0,351778214.0,3573017.0,348205197.0,2026-Q3,,0.0015455711658243305,0.00108837022001404,,1.2428884026258205,,-2.4976430039721156,-9.488955763192404,,-0.9190257050535299,,2.0,2.0,,3124.0,,0.0,0.0,,158.0,,0.0,0.0,,80.0
movve.com,movve.com,,,,,,43102744.0,230236155.0,,,,208683864.0,1960693076.0,,,2442715839.0,273338899.0,2169376940.0,2026-Q3,0.8169870344501938,,,0.42615404335476487,,-6.950422590612848,,,-15.790020368774641,,1661.0,,,2294.0,,112.0,,,267.0,,133.0,,,125.0,
mediafuse.com,mediafuse.com,,,,,,12265839.0,549268943.0,,,,62662476.0,5189830788.0,,,5814028046.0,561534782.0,5252493264.0,2026-Q3,0.808133472367049,,,0.4176086702099004,,-15.031108030799558,,,-17.20932449258317,,1643.0,,,2248.0,,52.0,,,142.0,,231.0,,,39.0,
shinka.io,shinka.io,,,,,,3516276.0,196232232.0,,,,64995066.0,1294156841.0,,,1558900415.0,199748508.0,1359151907.0,2026-Q3,0.6094201900564661,,,0.661523342801359,,500.0,,,500.0,,1239.0,,,3561.0,,1239.0,,,3558.0,,1.0,,,0.0,
business.adobe.com,Adobe Marketing,Ad Networks,adobe.com,Adobe,company-logos/business.adobe.com/logo_200x200.jpeg,company-logos/adobe.com/logo_200x200.jpeg,,,,371883.0,144359908.0,,,,125181157.0,269912948.0,371883.0,269541065.0,2026-Q3,,0.007727855829121652,0.9579528678440592,,1.1489954247065843,,-2.4976430039721107,-3.170732342365569,,-3.5264982648332626,,10.0,876.0,,2888.0,,0.0,57.0,,68.0,,0.0,0.0,,72.0
digitalpiee.com,digitalpiee.com,,,,,,7789268.0,184874555.0,,,,63797279.0,1108943776.0,,,1365404878.0,192663823.0,1172741055.0,2026-Q3,0.7559958289885298,,,0.47668320629831157,,-9.822313223223132,,,-13.075836165383588,,1537.0,,,2566.0,,96.0,,,300.0,,165.0,,,66.0,
vitormedia.com,vitormedia.com,,,,,,16810564.0,53866982.0,,,,87796168.0,243913872.0,,,402387586.0,70677546.0,331710040.0,2026-Q3,1.0432447321305605,,,0.185768981410098,,-11.958876612546538,,,-16.581488384649294,,2121.0,,,1000.0,,127.0,,,104.0,,276.0,,,51.0,
jio.com,Jio,Publishers,jio.com,Jio,company-logos/jio.com/logo_200x200.jpeg,company-logos/jio.com/logo_200x200.jpeg,29460385.0,356381155.0,306500.0,,1888799.0,441863827.0,2496116767.0,8964213.0,,3334981646.0,386148040.0,2948833606.0,2026-Q3,0.8537119269497779,,0.00763064758762527,0.3910537231999771,,-6.174516954469614,,-9.483078130564007,-16.0720644322701,,5187.0,,21.0,6303.0,,192.0,,0.0,573.0,,210.0,,0.0,201.0,
captiv.ai,captiv.ai,,,,,,59009810.0,221900977.0,,,,287502419.0,1529860800.0,,,2098274006.0,280910787.0,1817363219.0,2026-Q3,0.7633737973911503,,,0.4679520641720369,,-5.83467160822584,,,-9.259336284159682,,1552.0,,,2519.0,,83.0,,,432.0,,84.0,,,106.0,
yieldbid.io,yieldbid.io,,,,,,28624222.0,30127068.0,,,,297124611.0,307128902.0,,,663004803.0,58751290.0,604253513.0,2026-Q3,0.8066578786865249,,,0.4229959706707932,,-6.345064750243099,,,-13.769452757477726,,1640.0,,,2277.0,,37.0,,,261.0,,47.0,,,70.0,
cignal.io,cignal.io,,,,,,17508636.0,363301851.0,0.0,,,127939009.0,3015959526.0,,,3524709022.0,380810487.0,3143898535.0,2026-Q3,0.7363212465815413,,,0.4647939914880652,,-5.899716553449444,,,-15.316486328045285,,1497.0,,,2502.0,,75.0,,,257.0,,77.0,,,89.0,
cadent.com,cadent.com,,,,,,34099771.0,317119801.0,,,454.0,56960991.0,2656307291.0,,,3064488308.0,351219572.0,2713268736.0,2026-Q3,0.8174788990103685,,0.0021664716842150875,0.34813107116252373,,-11.822288736195215,,80.9870444993284,-18.434712200271406,,1662.0,,2.0,1874.0,,29.0,,1.0,63.0,,143.0,,0.0,4.0,
yieldlab.net,yieldlab.net,,,,,,25115576.0,529752792.0,,,1888.0,76506978.0,4518865331.0,,,5150242565.0,554868368.0,4595374197.0,2026-Q3,0.6689358018376059,,0.004332943368430175,0.5225681447066057,,-10.636427739031857,,-9.5064777503358,-14.5966599939429,,1360.0,,4.0,2813.0,,47.0,,0.0,263.0,,121.0,,0.0,52.0,
netlink.vn,netlink.vn,,,,,,22145686.0,468505.0,,,,381777286.0,5213426.0,,,409604903.0,22614191.0,386990712.0,2026-Q3,0.8120683888484467,,,0.3761821873554485,,-8.97183780965004,,,-6.55981643576652,,1651.0,,,2025.0,,90.0,,,342.0,,148.0,,,29.0,
qq.com,QQ,Ad Networks,tencent.com,Tencent,,company-logos/tencent.com/logo_200x200.jpeg,100.0,,,35858805.0,112964713.0,2606.0,,,75715131.0,224541355.0,35858905.0,188682450.0,2026-Q3,0.00345299609071514,1.0092579712832876,1.0013006024129167,0.0013022637995778806,0.07638750745971752,-17.601370099520285,-0.6723258683210563,-5.3748173887920725,38.21544280224847,-8.175409225824124,14.0,1306.0,1840.0,14.0,192.0,2.0,34.0,80.0,6.0,0.0,4.0,10.0,0.0,0.0,10.0
adorphic.com,adorphic.com,,,,,,29107288.0,431717740.0,,,,222727328.0,3566548018.0,,,4250100374.0,460825028.0,3789275346.0,2026-Q3,0.718122257855077,,,0.4651655294508855,,-2.7086543033668735,,,-4.899367513777967,,1460.0,,,2504.0,,95.0,,,494.0,,49.0,,,70.0,
thebigred.co,thebigred.co,,,,,,62093047.0,288810342.0,,,,288243999.0,2089830475.0,,,2728977863.0,350903389.0,2378074474.0,2026-Q3,0.7166466641745529,,,0.4464028623284656,,-2.9771838803852,,,-9.475162045365588,,1457.0,,,2403.0,,84.0,,,417.0,,42.0,,,111.0,
core-media.fr,core-media.fr,,,,,,54370851.0,156801.0,,,,214035835.0,22151143.0,,,290714630.0,54527652.0,236186978.0,2026-Q3,0.7230409034568241,,,0.43860056510924145,,-6.662922618382519,,,-14.089038549111303,,1470.0,,,2361.0,,87.0,,,241.0,,101.0,,,51.0,
phygitalnow.com,phygitalnow.com,,,,,,57539980.0,173815959.0,,,,280589053.0,913372849.0,,,1425317841.0,231355939.0,1193961902.0,2026-Q3,0.7195978515356012,,,0.4404582549233424,,-7.107384891628316,,,-10.76575959272189,,1463.0,,,2371.0,,60.0,,,377.0,,81.0,,,105.0,
anyclip.com,anyclip.com,,,,,,12154190.0,168485434.0,,,16658.0,82001257.0,1117154038.0,,,1379811577.0,180639624.0,1199171953.0,2026-Q3,0.9901233596316918,,0.0010832358421075437,0.16533439345498724,,-12.308394876891544,,-9.5064777503358,-13.838695901022009,,2013.0,,1.0,890.0,,130.0,,0.0,101.0,,280.0,,0.0,27.0,
163.com,NetEase,Ad Networks,163.com,NetEase,company-logos/163.com/logo_200x200.jpeg,company-logos/163.com/logo_200x200.jpeg,,,481215.0,5042541.0,13472097.0,,,2317313.0,282728304.0,304041470.0,5523756.0,298517714.0,2026-Q3,,0.14579887997609517,0.2027572073283286,,0.9177110271202176,,-2.151889964979094,0.815254297695184,,-1.0770522222319603,,283.0,558.0,,3460.0,,4.0,57.0,,148.0,,3.0,0.0,,67.0
stitchvideo.tv,stitchvideo.tv,,,,,,46741097.0,16033673.0,,,,230119431.0,78034531.0,,,370928732.0,62774770.0,308153962.0,2026-Q3,0.6620496979951601,,,0.4774262822239519,,-10.241897667915904,,,-13.863750791546694,,1346.0,,,2570.0,,53.0,,,277.0,,120.0,,,64.0,
projectagora.com,projectagora.com,,,,,,3616691.0,10999153.0,,,,107276998.0,386974960.0,,,508867802.0,14615844.0,494251958.0,2026-Q3,0.8337104294961339,,,0.28905653507411255,,-16.117083367570956,,,-13.007893660586712,,1695.0,,,1556.0,,120.0,,,181.0,,329.0,,,38.0,
lenovoads.com,lenovoads.com,,,,,,19530916.0,181252235.0,,,,244859710.0,2028975806.0,,,2474618667.0,200783151.0,2273835516.0,2026-Q3,0.5843350974875559,,,0.543745808587357,,-5.932361100341515,,,-5.157839879930019,,1188.0,,,2927.0,,92.0,,,543.0,,94.0,,,54.0,
contxtful.com,contxtful.com,,,,,,12800300.0,287276933.0,,,,71621397.0,1734527136.0,,,2106225766.0,300077233.0,1806148533.0,2026-Q3,0.9670057253034804,,,0.1590182480870439,,-12.824320098511798,,,-12.970765884459478,,1966.0,,,856.0,,118.0,,,105.0,,277.0,,,26.0,
appads.in,appads.in,,,,,,13317758.0,616406580.0,,,,88557792.0,6213465624.0,,,6931747754.0,629724338.0,6302023416.0,2026-Q3,0.9670057253034804,,,0.13969827402039373,,-13.79789679354935,,,-19.82996958731129,,1966.0,,,752.0,,136.0,,,81.0,,319.0,,,70.0,
caerulus.io,caerulus.io,,,,,,37968416.0,557266795.0,,,1077036.0,360506980.0,5576522301.0,,,6533341528.0,595235211.0,5938106317.0,2026-Q3,0.6472937611899188,,0.0032497075263226314,0.4590351530643523,,-3.650801447248212,,-9.5064777503358,-7.179075765644087,,1316.0,,3.0,2471.0,,107.0,,0.0,423.0,,78.0,,0.0,55.0,
grouprvn.com,grouprvn.com,,,,,,29206907.0,465355529.0,,,,328694557.0,3564050635.0,,,4387307628.0,494562436.0,3892745192.0,2026-Q3,0.6045015444547189,,,0.4887581900899679,,-6.003444505157424,,,-13.651027609136515,,1229.0,,,2631.0,,63.0,,,276.0,,66.0,,,52.0,
greenadx.com,greenadx.com,,,,,,13025410.0,55891177.0,,,,149027324.0,348729488.0,,,566673399.0,68916587.0,497756812.0,2026-Q3,0.9281484250496783,,,0.17146476984152048,,-12.583841869055156,,,-15.510386962621808,,1887.0,,,923.0,,115.0,,,111.0,,262.0,,,51.0,
mobcomedia.com,mobcomedia.com,,,,,,26399670.0,2648957.0,,,,169415636.0,34729347.0,,,233193610.0,29048627.0,204144983.0,2026-Q3,0.706317508410884,,,0.3834271776304423,,-8.078438336437058,,,-17.233253730224646,,1436.0,,,2064.0,,37.0,,,188.0,,73.0,,,94.0,
moengage.com,MoEngage,Analytics: Product,moengage.com,MoEngage,company-logos/moengage.com/logo_200x200.jpeg,company-logos/moengage.com/logo_200x200.jpeg,,,0.0,30301661.0,101265137.0,,,,212175274.0,343742072.0,30301661.0,313440411.0,2026-Q3,,0.505401771224556,0.46546950284514144,,0.5458523970558982,,-0.6751690414295514,-5.729937467684976,,-3.1104014927578145,,981.0,1281.0,,2058.0,,27.0,51.0,,81.0,,9.0,0.0,,75.0
gameloft.com,Gameloft SE,Publishers,gameloft.com,Gameloft SE,company-logos/gameloft.com/logo_200x200.jpeg,company-logos/gameloft.com/logo_200x200.jpeg,48543269.0,164794.0,844867.0,,15166733.0,228242764.0,896979.0,6202549.0,,300061955.0,49552930.0,250509025.0,2026-Q3,0.9618454792933299,,0.02289194276287581,0.12861405175211052,,180.4377661581819,,-9.483078130564026,6.584792467337724,,5844.0,,63.0,2073.0,,3960.0,,0.0,585.0,,78.0,,0.0,48.0,
amitydigital.io,amitydigital.io,,,,,,6389858.0,79968792.0,,,3332.0,53140927.0,720951305.0,,,860454214.0,86358650.0,774095564.0,2026-Q3,0.7102524248922816,,0.0010832358421075437,0.34571607440419244,,-11.590417943996435,,,-14.026881836250979,,1444.0,,1.0,1861.0,,62.0,,1.0,215.0,,157.0,,0.0,64.0,
unibots.in,unibots.in,,,,,,27426325.0,155900.0,,,,191668174.0,22234549.0,,,241484948.0,27582225.0,213902723.0,2026-Q3,0.7348456529010171,,,0.32676763830036243,,-5.457591080863029,,,-17.728653434554396,,1494.0,,,1759.0,,54.0,,,140.0,,49.0,,,70.0,
vyadd.com,vyadd.com,,,,,,26409349.0,45958250.0,,,,172152260.0,297795034.0,,,542314893.0,72367599.0,469947294.0,2026-Q3,0.6935290298463415,,,0.3317834007984351,,-7.672923753555399,,,-17.055125060240726,,1410.0,,,1786.0,,43.0,,,174.0,,72.0,,,89.0,
igaworks.com,IGAWorks,Ad Networks,igaworks.com,IGAWorks,company-logos/igaworks.com/logo_200x200.jpeg,company-logos/igaworks.com/logo_200x200.jpeg,1524446.0,13867.0,0.0,1830640.0,4087059.0,199439730.0,318783.0,0.0,15169500.0,222384025.0,3368953.0,219015072.0,2026-Q3,0.17117103746468978,0.21019767855210894,0.13560063426103122,0.22897150990781523,0.13765665406803262,-0.11277354230780673,-2.4976430039721076,-4.055017891750364,-11.776652764764496,-4.131747454757696,346.0,136.0,124.0,1229.0,519.0,46.0,1.0,7.0,155.0,8.0,26.0,1.0,0.0,26.0,12.0
eclipse.org,Eclipse,Development Tools,eclipse.org,Eclipse,company-logos/eclipse.org/logo_200x200.jpeg,company-logos/eclipse.org/logo_200x200.jpeg,,,,,,,,,343326202.0,343326202.0,,343326202.0,2026-Q3,,,,,0.9826934553411578,,,,,-2.12486045412198,,,,,3705.0,,,,,129.0,,,,,81.0
yodo1.com,Yodo1,Ad Networks,yodo1.com,Yodo1,company-logos/yodo1.com/logo_200x200.jpeg,company-logos/yodo1.com/logo_200x200.jpeg,1226265.0,668.0,335654.0,124234.0,4724235.0,22047194.0,,732156.0,235115395.0,264305801.0,1686821.0,262618980.0,2026-Q3,0.6078191914836187,0.004636713497472991,0.04033342296316214,0.28831138373953574,0.09389297791923612,-10.224650298929326,-2.4976430039721067,-9.483078130564007,-12.369930327775512,0.8817729394015617,3693.0,9.0,111.0,4647.0,354.0,156.0,0.0,0.0,540.0,27.0,336.0,0.0,0.0,81.0,12.0
durationmedia.net,durationmedia.net,,,,,,25562189.0,24545436.0,,,,358258822.0,121193020.0,,,529559467.0,50107625.0,479451842.0,2026-Q3,0.6040096798945442,,,0.37451026652275765,,-17.291257778614767,,,-15.377992408358091,,1228.0,,,2016.0,,55.0,,,150.0,,226.0,,,16.0,
fourthdimentionconsulting.com,fourthdimentionconsulting.com,,,,,,13984866.0,250381138.0,,,,69188107.0,1603878388.0,,,1937432499.0,264366004.0,1673066495.0,2026-Q3,0.5558069529974227,,,0.40701983826952476,,-4.076232271384452,,,-13.631162113311351,,1130.0,,,2191.0,,86.0,,,240.0,,66.0,,,53.0,
lgads.tv,lgads.tv,,,,,,24833983.0,8380329.0,,,,280601267.0,220982215.0,,,534797794.0,33214312.0,501583482.0,2026-Q3,0.6546717295925394,,,0.28868499711129236,,-11.865911056701918,,,-12.625016657230242,,1331.0,,,1554.0,,47.0,,,159.0,,139.0,,,10.0,
luponmedia.com,luponmedia.com,,,,,,16140436.0,115991285.0,,,,174381304.0,1471877039.0,,,1778390064.0,132131721.0,1646258343.0,2026-Q3,0.6133551065378637,,,0.3377280082035582,,-8.5604479343564,,,-14.665985235578063,,1247.0,,,1818.0,,63.0,,,201.0,,101.0,,,66.0,
gamezop.com,gamezop.com,,,,,,29345311.0,588316.0,,,450.0,422150594.0,19285856.0,,,471370527.0,29933627.0,441436900.0,2026-Q3,0.592696795010526,,0.0010832358421075437,0.3366133943150976,,-7.9883854753878065,,-9.5064777503358,-9.972853543695793,,1205.0,,1.0,1812.0,,87.0,,0.0,268.0,,116.0,,0.0,46.0,
adpopcorn.com,AdPopCorn,Ad Networks,igaworks.com,IGAWorks,,company-logos/igaworks.com/logo_200x200.jpeg,2964170.0,13867.0,,1830507.0,1369782.0,212266649.0,320743.0,,11288929.0,230054647.0,4808544.0,225246103.0,2026-Q3,0.14058626940768787,0.20710653622046027,0.04571154924058968,0.19887428596410775,0.3246469067037995,4.6331808260060034,-2.4976430039721196,-7.281369318392214,17.10109637852475,-4.792981667113523,570.0,268.0,84.0,2138.0,816.0,98.0,2.0,2.0,737.0,6.0,41.0,2.0,0.0,41.0,18.0
headerbiddr.com,headerbiddr.com,,,,,,11318420.0,466999.0,,,,433410476.0,26559571.0,,,471755466.0,11785419.0,459970047.0,2026-Q3,0.5528557656363744,,,0.38955755401697556,,-8.303007647450556,,,-9.278531184036819,,1124.0,,,2097.0,,45.0,,,299.0,,76.0,,,28.0,
mman.kr,mman.kr,,,,,,3672123.0,567316828.0,,,111519.0,125033843.0,5617288344.0,,,6313422657.0,570988951.0,5742433706.0,2026-Q3,0.49776693489680685,,0.015165301789505611,0.4337705715925789,,-4.3563551140958925,,-9.506477750335813,-13.521440826588742,,1012.0,,14.0,2335.0,,79.0,,0.0,266.0,,64.0,,0.0,64.0,
heytap.com,HeyTap,Business Tools,heytap.com,HeyTap,,,,,,19584.0,,,,328924452.0,1053920625.0,1382864661.0,19584.0,1382845077.0,2026-Q3,,0.004636713497472991,,,0.8824348518002786,,-2.4976430039721067,,,-1.2559467355542622,,9.0,,,3327.0,,0.0,,,147.0,,0.0,,,75.0
airnowplatform.com,airnowplatform.com,,,,,,4734246.0,92932980.0,,,,79641358.0,520724559.0,,,698033143.0,97667226.0,600365917.0,2026-Q3,0.5631849214000433,,,0.34311530866445106,,-9.56515322071677,,,-11.677924072025133,,1145.0,,,1847.0,,46.0,,,219.0,,94.0,,,24.0,
cardinalcommerce.com,Cardinal by Visa,Business Tools,cardinalcommerce.com,Cardinal by Visa,company-logos/cardinalcommerce.com/logo_200x200.jpeg,company-logos/cardinalcommerce.com/logo_200x200.jpeg,,,0.0,88635327.0,3875.0,,,,145781306.0,234420508.0,88635327.0,145785181.0,2026-Q3,,0.4389422110941098,0.0010900925125178957,,0.3572707380147205,,-1.1047521897431605,-9.483078130564014,,-4.2459214721738965,,852.0,3.0,,1347.0,,24.0,0.0,,24.0,,12.0,0.0,,36.0
admix.in,admix.in,,,,,,22999392.0,14690521.0,,,,105497131.0,80616432.0,,,223803476.0,37689913.0,186113563.0,2026-Q3,0.6231923977413579,,,0.24930197305235158,,-9.557314815974095,,,-15.256260966708835,,1267.0,,,1342.0,,60.0,,,175.0,,113.0,,,84.0,
admixplay.com,admixplay.com,,,,,,22915475.0,323787007.0,,,,104947879.0,2158118448.0,,,2609768809.0,346702482.0,2263066327.0,2026-Q3,0.6192574812599603,,,0.24484351749850922,,-9.580383820511184,,,-15.143861777788473,,1259.0,,,1318.0,,60.0,,,175.0,,113.0,,,84.0,
bigedition.com,bigedition.com,,,,,,23818771.0,100441422.0,,,,114572951.0,503787625.0,,,742620769.0,124260193.0,618360576.0,2026-Q3,0.4328408129537451,,,0.40163253780863195,,-7.559775142992212,,,-14.77433705567281,,880.0,,,2162.0,,40.0,,,206.0,,57.0,,,48.0,
whenevermedia.com,whenevermedia.com,,,,,,27569631.0,66.0,,,,359226953.0,775.0,,,386797425.0,27569697.0,359227728.0,2026-Q3,0.5695791606823145,,,0.2749380924869451,,-6.978934157928131,,,-11.761472347463414,,1158.0,,,1480.0,,67.0,,,236.0,,82.0,,,81.0,
vi.ai,vi.ai,,,,,,7341610.0,7366646.0,,,,299331292.0,60464497.0,,,374504045.0,14708256.0,359795789.0,2026-Q3,0.4830109980915655,,,0.3592772100471296,,-12.707609534525362,,,-14.023164216943368,,982.0,,,1934.0,,22.0,,,170.0,,100.0,,,13.0,
orka.tv,orka.tv,,,,,,16460443.0,519746.0,,,,208639875.0,6096220.0,,,231716284.0,16980189.0,214736095.0,2026-Q3,0.5523639010761997,,,0.24930197305235158,,-11.893588538495834,,,-19.319316947757045,,1123.0,,,1342.0,,18.0,,,32.0,,96.0,,,4.0,
take1ads.com,take1ads.com,,,,,,15863940.0,64313798.0,,,,323900145.0,303697133.0,,,707775016.0,80177738.0,627597278.0,2026-Q3,0.4830109980915655,,,0.34348684662727125,,-0.5054474264482596,,,-8.936369018694531,,982.0,,,1849.0,,85.0,,,289.0,,33.0,,,44.0,
sspmedia.co,sspmedia.co,,,,,,9972230.0,74243822.0,,,,45033440.0,466822044.0,,,596071536.0,84216052.0,511855484.0,2026-Q3,0.4569421764023059,,,0.354261447549057,,-7.172899479095079,,,-13.915480421143572,,929.0,,,1907.0,,39.0,,,204.0,,53.0,,,47.0,
appharbr.com,AppHarbr,Business Tools,appharbr.com,AppHarbr,company-logos/appharbr.com/logo_200x200.jpeg,company-logos/appharbr.com/logo_200x200.jpeg,,,,51803358.0,,,,,226862678.0,278666036.0,51803358.0,226862678.0,2026-Q3,,0.4188497859383935,,,0.3310125323254426,,0.4682081594051501,,,-1.2566030413653406,,813.0,,,1248.0,,30.0,,,72.0,,6.0,,,45.0
marversal.com,marversal.com,,,,,,3536249.0,181773959.0,,,,52802041.0,2626105508.0,,,2864217757.0,185310208.0,2678907549.0,2026-Q3,0.5071123615401263,,,0.2979734461817972,,-9.293176481904343,,,-12.853013671541714,,1031.0,,,1604.0,,42.0,,,169.0,,82.0,,,19.0,
beapup.com,beapup.com,,,,,,30624479.0,382632455.0,,,,153939744.0,2684110426.0,17.0,,3251307121.0,413256934.0,2838050187.0,2026-Q3,0.49137269561453556,,,0.2912857628510337,,59.545382925730436,,,91.74584245137432,,999.0,,,1568.0,,481.0,,,954.0,,72.0,,,32.0,
oveeo.com,oveeo.com,,,,,,22768149.0,342464515.0,,,,151819441.0,2060362102.0,,,2577414207.0,365232664.0,2212181543.0,2026-Q3,0.5326893186692112,,,0.24930197305235158,,-9.211067537240107,,,-15.052550055571121,,1083.0,,,1342.0,,43.0,,,147.0,,84.0,,,53.0,
plaid.com,Plaid,Business Tools,plaid.com,Plaid,company-logos/plaid.com/logo_200x200.jpeg,company-logos/plaid.com/logo_200x200.jpeg,,,,153406190.0,53081.0,,,,126995413.0,280454684.0,153406190.0,127048494.0,2026-Q3,,0.5177663405511507,0.0021801850250357914,,0.22677541277103638,,2.072779980216694,-9.483078130564014,,0.12010778161563739,,1005.0,6.0,,855.0,,48.0,0.0,,45.0,,3.0,0.0,,15.0
lightad.com,lightad.com,,,,,,18248726.0,55100665.0,,,,348268601.0,264169881.0,,,685787873.0,73349391.0,612438482.0,2026-Q3,0.5258032148267653,,,0.25301735268055353,,-5.242148578411482,,,-16.203766245605937,,1069.0,,,1362.0,,42.0,,,126.0,,36.0,,,48.0,
altitude-arena.com,altitude-arena.com,,,,,,8128774.0,189935024.0,,,3449.0,38284870.0,1414046940.0,,,1650399057.0,198063798.0,1452335259.0,2026-Q3,0.5459696617939284,,0.0021664716842150875,0.20954741103059057,,-15.99127538939673,,-9.5064777503358,-17.56800295679603,,1110.0,,2.0,1128.0,,27.0,,0.0,80.0,,162.0,,0.0,33.0,
silvermob.com,silvermob.com,,,,,,39308102.0,565574044.0,,,,439823609.0,5872131047.0,,,6916836802.0,604882146.0,6311954656.0,2026-Q3,0.5302299958683377,,,0.25171696981068287,,-4.891732136234479,,,-13.884647765773256,,1078.0,,,1355.0,,51.0,,,170.0,,41.0,,,58.0,
netaddiction.it,netaddiction.it,,,,,,4297749.0,388319158.0,0.0,,,53164427.0,3357031156.0,30.0,,3802812520.0,392616907.0,3410195613.0,2026-Q3,0.36053672260806263,,,0.43024096094578707,,121.37070324776909,,,419.76652681077053,,733.0,,,2316.0,,432.0,,,1968.0,,11.0,,,4.0,
pmc.com,pmc.com,,,,,,9333038.0,36165765.0,0.0,,,24079550.0,212874642.0,0.0,,282452995.0,45498803.0,236954192.0,2026-Q3,0.5130147362622228,,,0.24094236888889714,,-8.663828986042969,,,-16.154224502324823,,1043.0,,,1297.0,,15.0,,,78.0,,48.0,,,3.0,
smartbid.ai,smartbid.ai,,,,,,15235796.0,424483328.0,,,1020488.0,58150783.0,3744318838.0,,,4243209233.0,439719124.0,3803490109.0,2026-Q3,0.47022251952702304,,0.016248537631613155,0.2927719147023145,,-5.970712063390103,,-9.506477750335801,-10.4961949190613,,956.0,,15.0,1576.0,,47.0,,0.0,202.0,,49.0,,0.0,17.0,
intellectscoop.com,intellectscoop.com,,,,,,25135775.0,193061186.0,,,,168336739.0,1275719759.0,,,1662253459.0,218196961.0,1444056498.0,2026-Q3,0.4387431876758416,,,0.2907284559068034,,-2.040100559588231,,,-11.439239088761731,,892.0,,,1565.0,,76.0,,,212.0,,42.0,,,43.0,
truvid.com,truvid.com,,,,,,29711757.0,302416954.0,,,,146602934.0,1893608887.0,,,2372340532.0,332128711.0,2040211821.0,2026-Q3,0.4441536978377634,,,0.2632346466581089,,-5.143723811502249,,,-14.222821978446342,,903.0,,,1417.0,,98.0,,,168.0,,92.0,,,56.0,
jcprog.com,jcprog.com,,,,,,41438932.0,396267887.0,,,,217031125.0,3186790043.0,,,3841527987.0,437706819.0,3403821168.0,2026-Q3,0.47956794617034254,,,0.22255123972929744,,-4.500673721511055,,,-12.935784785018301,,975.0,,,1198.0,,43.0,,,174.0,,30.0,,,63.0,
supermidas.com,supermidas.com,,,,,,40281316.0,2059347.0,,,,183280482.0,1012579.0,,,226633724.0,42340663.0,184293061.0,2026-Q3,0.368406555570858,,,0.3299257109843341,,-5.648027481077957,,,-13.715092885895972,,749.0,,,1776.0,,32.0,,,188.0,,31.0,,,38.0,
inceptionmedia.ai,inceptionmedia.ai,,,,,,45748611.0,428022827.0,,,,159817843.0,3575496223.0,,,4209085504.0,473771438.0,3735314066.0,2026-Q3,0.43579200031479326,,,0.26769310221195125,,38.678135728080775,,,8.621329437138565,,886.0,,,1441.0,,336.0,,,400.0,,52.0,,,7.0,
amagi.com,amagi.com,,,,,,6090831.0,768700.0,,,,219801241.0,2610813.0,,,229271585.0,6859531.0,222412054.0,2026-Q3,0.4392350522360163,,,0.1993301170530352,,-13.253794101235675,,,-18.730454816665436,,893.0,,,1073.0,,6.0,,,33.0,,83.0,,,3.0,
vuukle.com,vuukle.com,,,,,,25893679.0,48157.0,,,,392952513.0,1279802.0,,,420174151.0,25941836.0,394232315.0,2026-Q3,0.4274303027918232,,,0.24019929296325676,,-9.019560360525796,,,-15.444082503178697,,869.0,,,1293.0,,49.0,,,115.0,,80.0,,,30.0,
pubgrowth.com,pubgrowth.com,,,,,,39671504.0,226472974.0,,,,148447549.0,1537197905.0,,,1951789932.0,266144478.0,1685645454.0,2026-Q3,0.3964428355008165,,,0.26936502304464216,,2.353312067460799,,,-2.3477159210410457,,806.0,,,1450.0,,87.0,,,327.0,,23.0,,,50.0,
dxkulture.com,dxkulture.com,,,,,,31284420.0,355363555.0,,,,140652692.0,2051321197.0,,,2578621864.0,386647975.0,2191973889.0,2026-Q3,0.427922167351998,,,0.24725851425684048,,-4.344665487217153,,,-10.514513280723293,,870.0,,,1331.0,,74.0,,,162.0,,61.0,,,6.0,
playwire.com,playwire.com,,,,,,14821099.0,573111404.0,,,1051679.0,284272929.0,5930079224.0,,,6803336335.0,587932503.0,6215403832.0,2026-Q3,0.4928482892950597,,0.00866588673686035,0.17146476984152048,,-9.995754116334316,,-9.5064777503358,-12.362336476854106,,1002.0,,8.0,923.0,,61.0,,0.0,97.0,,108.0,,0.0,6.0,
theaudiencestreet.com,theaudiencestreet.com,,,,,,28537588.0,397496053.0,,,,336967145.0,2540578268.0,,,3303579054.0,426033641.0,2877545413.0,2026-Q3,0.39299978357959353,,,0.24893043508953136,,-7.282542437735034,,,-7.870824308400547,,799.0,,,1340.0,,68.0,,,231.0,,81.0,,,40.0,
themediasense.com,themediasense.com,,,,,,11976864.0,184133065.0,0.0,,,283988760.0,1097914060.0,,,1578012749.0,196109929.0,1381902820.0,2026-Q3,0.44562929151828756,,,0.20044473094149576,,-8.50079555534102,,,-12.57628758029091,,906.0,,,1079.0,,42.0,,,141.0,,69.0,,,37.0,
xiaomi.com,Xiaomi,Business Tools,xiaomi.com,Xiaomi,company-logos/xiaomi.com/logo_200x200.jpeg,company-logos/xiaomi.com/logo_200x200.jpeg,78715.0,102168.0,2659150.0,,13793784.0,210678391.0,1196031.0,233736480.0,574222465.0,1036467184.0,2840033.0,1033627151.0,2026-Q3,0.008904851660012763,,0.05523135396757338,0.0193759455088794,0.5219813009747365,-0.3505194060289421,,-5.113295695487799,-3.386292789824922,-2.650888275508869,36.0,,152.0,208.0,1968.0,4.0,,7.0,38.0,57.0,2.0,,0.0,0.0,42.0
tapmind.com,tapmind.com,,,,,,8888381.0,177667.0,,,,239214040.0,275910.0,,,248555998.0,9066048.0,239489950.0,2026-Q3,0.37775198221417755,,,0.25766157721580596,,1.7799852050461151,,,0.33818443510566826,,768.0,,,1387.0,,93.0,,,313.0,,36.0,,,18.0,
mcanvas.com,mcanvas.com,,,,,,37524084.0,111435.0,0.0,,,255566176.0,87418.0,43.0,,293289156.0,37635519.0,255653637.0,2026-Q3,0.3993940228618648,,,0.19598627538765342,,-9.667634515201204,,,-16.2390113796757,,812.0,,,1055.0,,64.0,,,97.0,,99.0,,,37.0,
meizu.com,Meizu,Business Tools,meizu.com,Meizu,company-logos/meizu.com/logo_500x500.png,company-logos/meizu.com/logo_500x500.png,,,,,,,,,431233931.0,431233931.0,,431233931.0,2026-Q3,,,,,0.5824547443803462,,,,,-2.4601200414314315,,,,,2196.0,,,,,66.0,,,,,45.0
visualads.com,visualads.com,,,,,,23789032.0,2200.0,,,,357507838.0,194695.0,,,381493765.0,23791232.0,357702533.0,2026-Q3,0.2729848308969642,,,0.3180364961740878,,-5.943469298380348,,,-11.836095296251651,,555.0,,,1712.0,,50.0,,,213.0,,51.0,,,35.0,
tvp.tv,tvp.tv,,,,,,9533350.0,353141230.0,,,,245637374.0,3158842469.0,,,3767154423.0,362674580.0,3404479843.0,2026-Q3,0.4013614811025636,,,0.16774939021331853,,-16.87738640720323,,,-15.077869712782569,,816.0,,,903.0,,25.0,,,86.0,,134.0,,,23.0,
digimedllc.com,digimedllc.com,,,,,,9438798.0,142933947.0,,,,78311986.0,1013375795.0,,,1244060526.0,152372745.0,1091687781.0,2026-Q3,0.3723414720522557,,,0.20694664529084922,,-6.759368026694676,,,-9.83296498288199,,757.0,,,1114.0,,46.0,,,162.0,,54.0,,,24.0,
globalsun.io,globalsun.io,,,,,,446093.0,174655453.0,,,,17842722.0,1001306201.0,,,1194250469.0,175101546.0,1019148923.0,2026-Q3,0.2252739685600173,,,0.38286987068621203,,500.0,,,500.0,,458.0,,,2061.0,,407.0,,,1874.0,,2.0,,,0.0,
adnuro.com,adnuro.com,,,,,,17540774.0,442391512.0,,,,67196745.0,3294578733.0,,,3821707764.0,459932286.0,3361775478.0,2026-Q3,0.3944753772601176,,,0.18279667770753646,,-9.49789994449885,,,-18.688940155082275,,802.0,,,984.0,,35.0,,,50.0,,68.0,,,22.0,
domob.cn,domob.cn,,,,,,6630549.0,442599837.0,684.0,,17488397.0,281453030.0,3195383932.0,,,3943556429.0,449231070.0,3494325359.0,2026-Q3,0.40726385582466007,,0.010832358421075437,0.1517732578120501,,-12.436442652666328,,0.5483580551824484,1.3199670616722872,,828.0,,10.0,817.0,,77.0,,1.0,189.0,,140.0,,0.0,9.0,
videoshakers.tv,videoshakers.tv,,,,,,11877409.0,118432493.0,,,,37901841.0,670091785.0,,,838303528.0,130309902.0,707993626.0,2026-Q3,0.3049560273083204,,,0.2935149906279549,,500.0,,,500.0,,620.0,,,1580.0,,613.0,,,1578.0,,0.0,,,0.0,
monetixads.com,monetixads.com,,,,,,16235512.0,294485375.0,,,40414.0,129409617.0,1969046948.0,,,2409217866.0,310720887.0,2098496979.0,2026-Q3,0.39250791901941884,,0.0054161792105377185,0.16199055178960547,,-4.578236626102744,,13.116902812080248,-16.502215520277836,,798.0,,5.0,872.0,,44.0,,1.0,108.0,,34.0,,0.0,61.0,
jambojar.com,jambojar.com,,,,,,16227620.0,331023240.0,,,,155060941.0,2190554756.0,654.0,,2692867211.0,347250860.0,2345616351.0,2026-Q3,0.34528892124264665,,,0.2088043351049502,,-6.966732273512539,,,-13.2880864436479,,702.0,,,1124.0,,28.0,,,143.0,,37.0,,,43.0,
mindtos.com,mindtos.com,,,,,,22681022.0,383784675.0,,,7261767.0,171582886.0,3737461534.0,,,4322771884.0,406465697.0,3916306187.0,2026-Q3,0.293643142424302,,0.0010832358421075437,0.26509233647220987,,-2.8446923124678634,,,-11.861461592552864,,597.0,,1.0,1427.0,,65.0,,1.0,171.0,,47.0,,0.0,23.0,
connekt.ai,connekt.ai,,,,,,25432198.0,585051727.0,,,,101522599.0,5969888855.0,,,6681895379.0,610483925.0,6071411454.0,2026-Q3,0.36250418084876146,,,0.19728665825752412,,-5.773998071890929,,,-13.599212161976473,,737.0,,,1062.0,,31.0,,,105.0,,31.0,,,14.0,
playbuzz.com,playbuzz.com,,,,,,4296832.0,74743.0,,,,231182985.0,266527.0,,,235821087.0,4371575.0,231449512.0,2026-Q3,0.34528892124264665,,,0.16440554854793676,,-15.413486760188528,,,-16.472356640062884,,702.0,,,885.0,,19.0,,,48.0,,99.0,,,0.0,
bidence.com,bidence.com,,,,,,2106527.0,572123225.0,,,,19058231.0,5657987384.0,,,6251275367.0,574229752.0,5677045615.0,2026-Q3,0.2626556751332953,,,0.2741950165613047,,0.8350401394994948,,,-12.396649273018781,,534.0,,,1476.0,,65.0,,,171.0,,30.0,,,26.0,
datacygnal.io,datacygnal.io,,,,,,10705896.0,290035434.0,,,,303950507.0,1931599554.0,,,2536291391.0,300741330.0,2235550061.0,2026-Q3,0.3438133275621225,,,0.1785239911351042,,-7.3643103407197525,,,-13.23836044543155,,699.0,,,961.0,,36.0,,,100.0,,48.0,,,14.0,
magicbid.ai,magicbid.ai,,,,,,25795540.0,322851107.0,,,,369399440.0,1793702888.0,9.0,,2511748984.0,348646647.0,2163102337.0,2026-Q3,0.3187282349932123,,,0.19394281659214235,,-2.3064812009365068,,,-12.07546584037785,,648.0,,,1044.0,,73.0,,,134.0,,50.0,,,28.0,
whildey.com,whildey.com,,,,,,29944982.0,451699069.0,0.0,,,114912933.0,3688494775.0,,,4285051759.0,481644051.0,3803407708.0,2026-Q3,0.3334841717984536,,,0.18335398465176675,,-9.511006646943407,,,-13.366260885288286,,678.0,,,987.0,,27.0,,,94.0,,55.0,,,7.0,
andbeyond.media,andbeyond.media,,,,,,29804952.0,57883.0,,,,378464140.0,6260062.0,,,414587037.0,29862835.0,384724202.0,2026-Q3,0.3231550160347847,,,0.18409706057740716,,-6.626722071240318,,,-15.911541863330287,,657.0,,,991.0,,53.0,,,88.0,,59.0,,,28.0,
affle.com,Affle,Ad Networks,affle.com,Affle,company-logos/affle.com/logo_200x200.jpeg,company-logos/affle.com/logo_200x200.jpeg,2892166.0,330423964.0,,,515560569.0,59538635.0,1860612650.0,,104732488.0,2873760472.0,333316130.0,2540444342.0,2026-Q3,0.008904851660012763,,3.0389851823500464,0.022915781707616982,0.4018301173662224,-10.839938415920635,,9.38232579811576,-14.80294290803132,-4.1520699812368935,18.0,,2779.0,123.0,505.0,1.0,,479.0,9.0,17.0,2.0,,0.0,0.0,21.0
jfacassoc.com,jfacassoc.com,,,,,,1203749.0,959653.0,,,,211703543.0,15767435.0,,,229634380.0,2163402.0,227470978.0,2026-Q3,0.33594349459932715,,,0.16477708651075695,,-12.914263441274018,,,-15.577551622570079,,683.0,,,887.0,,11.0,,,61.0,,67.0,,,4.0,
vaayamedia.com,vaayamedia.com,,,,,,7913263.0,190478240.0,,,,126882438.0,1077857234.0,,,1403131175.0,198391503.0,1204739672.0,2026-Q3,0.27495228913766306,,,0.2264523883389095,,-7.4299910758998635,,,-4.938059349279808,,559.0,,,1219.0,,26.0,,,234.0,,36.0,,,28.0,
bidstack.com,Bidstack,Ad Networks,bidstack.com,Bidstack,company-logos/bidstack.com/logo_200x200.jpeg,company-logos/bidstack.com/logo_200x200.jpeg,35796898.0,107343661.0,0.0,431898.0,3111.0,144204097.0,637097032.0,,2209315.0,927086012.0,143572457.0,783513555.0,2026-Q3,0.38760200269264067,0.0015455711658243305,0.0010900925125178957,0.11335160277429135,,-6.681065812158403,-2.4976430039721156,-9.483078130564014,-19.16722574844483,,2355.0,3.0,3.0,1827.0,,126.0,0.0,0.0,93.0,,147.0,0.0,0.0,51.0,
intenziq.co,intenziq.co,,,,,,8008786.0,93130187.0,,,,119879336.0,518406986.0,,,739425295.0,101138973.0,638286322.0,2026-Q3,0.2715092372164401,,,0.2257093124132691,,-7.450617323280759,,,-2.6554193132042454,,552.0,,,1215.0,,31.0,,,260.0,,41.0,,,31.0,
whitemediasolutions.com,whitemediasolutions.com,,,,,,22184466.0,336187.0,,,,149030926.0,48131207.0,,,219682786.0,22520653.0,197162133.0,2026-Q3,0.3074153501091939,,,0.17146476984152048,,-12.233604761448333,,,-17.981399267427026,,625.0,,,923.0,,50.0,,,80.0,,96.0,,,46.0,
appnext.com,Appnext,Ad Networks,affle.com,Affle,company-logos/appnext.com/logo_200x200.jpeg,company-logos/affle.com/logo_200x200.jpeg,377633.0,330423964.0,,,2278906.0,30127861.0,1860612592.0,,104732488.0,2328553444.0,330801597.0,1997751847.0,2026-Q3,0.0029597109348986914,,0.01959066396025272,0.019161881622360242,0.4018301173662224,-19.282974791366804,,-9.488955763192413,-16.99014222372251,-4.1520699812368935,12.0,,36.0,206.0,1010.0,0.0,,0.0,10.0,34.0,2.0,,0.0,0.0,42.0
mangox.io,mangox.io,,,,,,8494402.0,13474017.0,,,,138195183.0,65243916.0,,,225407518.0,21968419.0,203439099.0,2026-Q3,0.2601963523324217,,,0.2264523883389095,,-8.707774688700189,,,-4.655697149327169,,529.0,,,1219.0,,27.0,,,240.0,,44.0,,,31.0,
sonictwist.media,sonictwist.media,,,,,,25535284.0,58335.0,,,,365206605.0,11614304.0,,,402414528.0,25593619.0,376820909.0,2026-Q3,0.3113502665905916,,,0.17648053233959313,,-6.07077288111331,,,-15.677006769943505,,633.0,,,950.0,,53.0,,,88.0,,55.0,,,28.0,
advangelists.com,advangelists.com,,,,,,3017315.0,356999069.0,,,,17110389.0,2491545595.0,,,2868672368.0,360016384.0,2508655984.0,2026-Q3,0.35561807700631554,,,0.13412520457809077,,-9.648011413762775,,,-18.63613035547759,,723.0,,,722.0,,26.0,,,35.0,,57.0,,,14.0,
soundstack.com,soundstack.com,,,,,,1380944.0,157067795.0,0.0,,,9794470.0,793086301.0,0.0,,961329510.0,158448739.0,802880771.0,2026-Q3,0.3767682530938281,,,0.09975794301722264,,-15.185525879046349,,,-19.197016231697443,,766.0,,,537.0,,33.0,,,13.0,,118.0,,,1.0,
beani.tv,beani.tv,,,,,,44533043.0,266732033.0,,,,204740379.0,1945913796.0,,,2461919251.0,311265076.0,2150654175.0,2026-Q3,0.3152851830719893,,,0.16570593141780743,,-3.9763636948840846,,,-11.252369262260054,,641.0,,,892.0,,35.0,,,138.0,,23.0,,,40.0,
152media.info,152media.info,,,,,,5790983.0,540945868.0,,,,311315015.0,5198040612.0,,,6056092478.0,546736851.0,5509355627.0,2026-Q3,0.293643142424302,,,0.1874409022427889,,-11.82927405786659,,,-14.014771872454409,,597.0,,,1009.0,,24.0,,,111.0,,65.0,,,29.0,
keenkale.com,keenkale.com,,,,,,19281169.0,496532759.0,,,,56047601.0,4161176040.0,,,4733037569.0,515813928.0,4217223641.0,2026-Q3,0.3010211108269227,,,0.17722360826523353,,-12.494213687400984,,,-17.9047349708614,,612.0,,,954.0,,20.0,,,44.0,,67.0,,,8.0,
advenuemedia.co.uk,advenuemedia.co.uk,,,,,,17774675.0,56040115.0,,,,105105676.0,378091530.0,,,557011996.0,73814790.0,483197206.0,2026-Q3,0.315777047632164,,,0.15474556151461166,,-8.75853206961383,,,-13.528546246674056,,642.0,,,833.0,,27.0,,,88.0,,48.0,,,16.0,
siprocalads.com,siprocalads.com,,,,,,11305859.0,139992748.0,,,,207644973.0,731263939.0,,,1090207519.0,151298607.0,938908912.0,2026-Q3,0.31725264131268816,,,0.143970960592826,,-2.446595114558025,,,-7.237983125308663,,645.0,,,775.0,,99.0,,,119.0,,77.0,,,4.0,
osgdigital.net,osgdigital.net,,,,,,1353784.0,362984736.0,,,,19392164.0,2983163078.0,,,3366893762.0,364338520.0,3002555242.0,2026-Q3,0.011312884884018336,,,0.44696016927269583,,-9.700081485562148,,,-17.253993390349365,,23.0,,,2406.0,,0.0,,,109.0,,1.0,,,0.0,
prequel.tv,prequel.tv,,,,,,14827993.0,605795168.0,,,,128238443.0,6180806632.0,7.0,,6929668243.0,620623161.0,6309045082.0,2026-Q3,0.3059397564286698,,,0.1409986568902644,,-6.22628288114586,,,-14.831003054970898,,622.0,,,759.0,,16.0,,,103.0,,19.0,,,48.0,
radiantfusion.co,radiantfusion.co,,,,,,8082999.0,186431627.0,,,,136873195.0,1235429890.0,,,1566817711.0,194514626.0,1372303085.0,2026-Q3,0.24150549904578275,,,0.1969151202947039,,-8.021934499599292,,,-5.3817284409928146,,491.0,,,1060.0,,23.0,,,203.0,,35.0,,,28.0,
roockmobile.com,roockmobile.com,,,,,,10188931.0,240011199.0,,,7704.0,161980782.0,1844499521.0,,,2256688137.0,250200130.0,2006488007.0,2026-Q3,0.2739685600173136,,0.0010832358421075437,0.15530286845884195,,-11.791793153013852,,-9.5064777503358,10.622727466968586,,557.0,,1.0,836.0,,37.0,,0.0,249.0,,75.0,,0.0,10.0,
rightxchange.com,rightxchange.com,,,,,,6635666.0,164256950.0,,,,59843730.0,928871568.0,,,1159607914.0,170892616.0,988715298.0,2026-Q3,0.2916756841836032,,,0.12966674902424843,,-4.157771623724403,,,-20.88933043211402,,593.0,,,698.0,,39.0,,,99.0,,29.0,,,98.0,
speroll.com,speroll.com,,,,,,7942915.0,138822818.0,,,,120168069.0,781817117.0,,,1048750919.0,146765733.0,901985186.0,2026-Q3,0.2331438015228127,,,0.1969151202947039,,-8.664366229194883,,,-4.952133564447944,,474.0,,,1060.0,,23.0,,,207.0,,38.0,,,28.0,
felixads.com,felixads.com,,,,,,8229010.0,307281704.0,,,,101306713.0,1779725518.0,,,2196542945.0,315510714.0,1881032231.0,2026-Q3,0.2287170204812403,,,0.1993301170530352,,-8.144463529201847,,,4.776434643038254,,465.0,,,1073.0,,22.0,,,291.0,,34.0,,,27.0,
clistltd.com,clistltd.com,,,,,,21592761.0,201805638.0,,,,89572023.0,1250770042.0,,,1563740464.0,223398399.0,1340342065.0,2026-Q3,0.24494855096700574,,,0.17685207030241332,,500.0,,,500.0,,498.0,,,952.0,,470.0,,,925.0,,0.0,,,0.0,
hyperad.tech,hyperad.tech,,,,,,12466287.0,535962859.0,,,,111477023.0,5482298198.0,,,6142204367.0,548429146.0,5593775221.0,2026-Q3,0.2813465284199343,,,0.13449674254091099,,-6.265611994994089,,,-14.123022099384851,,572.0,,,724.0,,19.0,,,101.0,,22.0,,,43.0,
cmcm.com,Cheetah Mobile,Ad Networks,cmcm.com,Cheetah Mobile,company-logos/cmcm.com/logo_200x200.jpeg,company-logos/cmcm.com/logo_200x200.jpeg,9868512.0,164664511.0,2617.0,132.0,46787.0,127447598.0,1141151242.0,,4205430.0,1447386829.0,174535772.0,1272851057.0,2026-Q3,0.220217188790978,0.0015455711658243305,0.0032702775375536867,0.17384301640589178,0.014322657648697038,-8.115140946801585,-2.4976430039721156,-9.483078130564015,-16.27442759884974,-3.392878456335776,1338.0,3.0,9.0,2802.0,54.0,45.0,0.0,0.0,222.0,0.0,78.0,0.0,0.0,63.0,0.0
mediahafen.com,mediahafen.com,,,,,,11146753.0,319816913.0,,,,93661404.0,1821015819.0,,,2245640889.0,330963666.0,1914677223.0,2026-Q3,0.2788872056190607,,,0.12910944208001815,,-7.084968533499393,,,-14.481083025985491,,567.0,,,695.0,,16.0,,,96.0,,24.0,,,43.0,
joju.ai,joju.ai,,,,,,1088498.0,92214864.0,,,,20915055.0,581980606.0,,,696199023.0,93303362.0,602895661.0,2026-Q3,0.21199362543530015,,,0.19208512677804135,,-6.209222099272484,,,-6.860616035657713,,431.0,,,1034.0,,31.0,,,175.0,,33.0,,,18.0,
tunnl.com,tunnl.com,,,,,,11171752.0,208218793.0,,,,93694230.0,1297268153.0,,,1610352928.0,219390545.0,1390962383.0,2026-Q3,0.26708245617486764,,,0.12650867634027677,,-6.633724366855429,,,-14.335697340253201,,543.0,,,681.0,,16.0,,,96.0,,21.0,,,43.0,
resultsmedia.com,resultsmedia.com,,,,,,807908.0,52679019.0,,,,16166599.0,220187909.0,,,289841435.0,53486927.0,236354508.0,2026-Q3,0.16034784661695556,,,0.2359266063908245,,-3.4035326145800022,,,-15.621017885057887,,326.0,,,1270.0,,24.0,,,95.0,,16.0,,,14.0,
adsornot.com,adsornot.com,,,,,,11132117.0,28384818.0,,,,93389934.0,244632014.0,,,377538883.0,39516935.0,338021948.0,2026-Q3,0.26609872705451826,,,0.12576560041463636,,-6.636873547423061,,,-14.292960339227506,,541.0,,,677.0,,16.0,,,96.0,,21.0,,,43.0,
kubient.com,kubient.com,,,,,,3166307.0,497869121.0,,,,40785074.0,4769911848.0,,,5311732350.0,501035428.0,4810696922.0,2026-Q3,0.2006807405512818,,,0.1892985920568899,,-11.214298414160503,,,-13.905583123815893,,408.0,,,1019.0,,20.0,,,88.0,,45.0,,,4.0,
alaska-gaming.com,alaska-gaming.com,,,,,,6728219.0,407677449.0,,,,93952045.0,3196906664.0,,,3705264377.0,414405668.0,3290858709.0,2026-Q3,0.2690499144155665,,,0.11982099300951322,,-9.09766657023693,,,-14.220070416952094,,547.0,,,645.0,,23.0,,,78.0,,43.0,,,27.0,
elementaltv.io,elementaltv.io,,,,,,4406994.0,380105.0,,,,207766301.0,6327394.0,,,218880794.0,4787099.0,214093695.0,2026-Q3,0.2833139866606331,,,0.09771448422171156,,-11.025939162965862,,,-16.055361933612673,,576.0,,,526.0,,28.0,,,34.0,,62.0,,,3.0,
inmarket.com,InMarket,Ad Networks,inmarket.com,InMarket,company-logos/inmarket.com/logo_200x200.jpeg,company-logos/inmarket.com/logo_200x200.jpeg,5549246.0,192601394.0,300.0,624698.0,23365218.0,28818005.0,1151249526.0,2614.0,1146244.0,1403357245.0,198775638.0,1204581607.0,2026-Q3,0.22212657751920728,0.004636713497472991,0.04069678713400144,0.11010753649757428,0.011935548040580864,-17.143302246864803,-26.87323225297909,4.51438401419413,-17.256724261743962,-3.392878456335789,898.0,9.0,112.0,1182.0,45.0,42.0,0.0,15.0,74.0,0.0,164.0,3.0,0.0,20.0,0.0
venatusmedia.com,venatusmedia.com,,,,,,8115628.0,33683564.0,,,10851.0,25693076.0,201947584.0,,,269450703.0,41799192.0,227651511.0,2026-Q3,0.26560686249434357,,0.0021664716842150875,0.09678563931466108,,-13.465916596634514,,-9.5064777503358,-14.963617375282945,,540.0,,2.0,521.0,,14.0,,0.0,42.0,,62.0,,0.0,5.0,
pixelpluses.com,pixelpluses.com,,,,,,6773777.0,218080869.0,,,,376889788.0,1417496153.0,,,2019240587.0,224854646.0,1794385941.0,2026-Q3,0.1770712416628957,,,0.17685207030241332,,14.987663369895815,,,10.110481165080149,,360.0,,,952.0,,80.0,,,304.0,,15.0,,,35.0,
appaspire.com,appaspire.com,,,,,,23191592.0,450622963.0,,,,107832406.0,4309338790.0,,,4890985751.0,473814555.0,4417171196.0,2026-Q3,0.21838786471757138,,,0.14471403651846637,,-2.7061747533013274,,,-15.468515852616443,,444.0,,,779.0,,24.0,,,55.0,,10.0,,,4.0,
zeststack.com,zeststack.com,,,,,,7986770.0,212777826.0,,,,332728921.0,1416708802.0,,,1970202319.0,220764596.0,1749437723.0,2026-Q3,0.19428650126901056,,,0.15586017540307226,,-8.776297152933605,,,-11.510333392150246,,395.0,,,839.0,,14.0,,,95.0,,27.0,,,5.0,
gravite.net,gravite.net,,,,,,3442073.0,190816835.0,,,477238.0,34215425.0,953111300.0,,,1182062871.0,194258908.0,987803963.0,2026-Q3,0.23166820784228853,,0.00866588673686035,0.123164834674895,,-3.938426605758945,,3.421168285330508,-13.85652940571426,,471.0,,8.0,663.0,,30.0,,1.0,60.0,,21.0,,0.0,5.0,
growzee.io,growzee.io,,,,,,9739142.0,69043203.0,,,,69434320.0,349231250.0,,,497447915.0,78782345.0,418665570.0,2026-Q3,0.2405217699254333,,,0.10551678144093568,,-6.157810707035977,,,-15.178669709166936,,489.0,,,568.0,,12.0,,,47.0,,14.0,,,8.0,
videobyte.com,videobyte.com,,,,,,20560152.0,7997386.0,,,,433168305.0,4888859.0,,,466614702.0,28557538.0,438057164.0,2026-Q3,0.20805870895390247,,,0.12613713837745655,,-15.196598264701825,,,-14.58728119534792,,423.0,,,679.0,,10.0,,,54.0,,57.0,,,3.0,
cpmstar.com,cpmstar.com,,,,,,20422593.0,418142478.0,,,217518.0,62976483.0,3521200983.0,,,4022960055.0,438565071.0,3584394984.0,2026-Q3,0.22281464575914378,,0.0021664716842150875,0.10793177819926696,,-5.773998071890918,,-9.5064777503358,-16.39808921612518,,453.0,,2.0,581.0,,13.0,,0.0,34.0,,13.0,,0.0,2.0,
exelbid.com,exelbid.com,,,,,,657886.0,10141378.0,,,83804.0,9219569.0,253837390.0,,,273940027.0,10799264.0,263140763.0,2026-Q3,0.16083971117713025,,0.0054161792105377185,0.1792670670607446,,-3.4109635407784715,,-9.506477750335792,-12.174626806167819,,327.0,,5.0,965.0,,25.0,,0.0,110.0,,17.0,,0.0,13.0,
meazy.tech,meazy.tech,,,,,,314445.0,104372302.0,,,,38408171.0,517016194.0,,,660111112.0,104686747.0,555424365.0,2026-Q3,0.1003403702756409,,,0.25561811842029486,,500.0,,,500.0,,204.0,,,1376.0,,194.0,,,1321.0,,1.0,,,1.0,
thebeglobal.com,thebeglobal.com,,,,,,2592064.0,0.0,,,,248522898.0,452.0,,,251115414.0,2592064.0,248523350.0,2026-Q3,0.08263324610935133,,,0.2513454318478626,,-9.023170552170555,,,10.075579985730528,,168.0,,,1353.0,,4.0,,,407.0,,10.0,,,25.0,
oxiem.com,oxiem.com,,,,,,5192153.0,317479828.0,,,,7531177.0,1719477562.0,,,2049680720.0,322671981.0,1727008739.0,2026-Q3,0.24248922816613216,,,0.08601103839287538,,-13.975150091559687,,,8.856440539816345,,493.0,,,463.0,,34.0,,,130.0,,81.0,,,3.0,
waytogrow.eu,waytogrow.eu,,,,,,2328632.0,3531607.0,,,,240167278.0,64112221.0,,,310139738.0,5860239.0,304279499.0,2026-Q3,0.20166446967163124,,,0.12706598328450705,,-14.339998247173572,,,-12.848106351902903,,410.0,,,684.0,,10.0,,,66.0,,51.0,,,2.0,
acexchange.co.kr,acexchange.co.kr,,,,,,1013064.0,596672736.0,,,,77780064.0,5943583175.0,,,6619049039.0,597685800.0,6021363239.0,2026-Q3,0.12690105652507525,,,0.19189935779663128,,-6.498813471337929,,,-10.717459074148282,,258.0,,,1033.0,,8.0,,,137.0,,10.0,,,18.0,
admize.io,admize.io,,,,,,572761.0,139974746.0,,,5025.0,5832547.0,901275527.0,,,1047660606.0,140547507.0,907113099.0,2026-Q3,0.13477088948787064,,0.004332943368430175,0.181867832800486,,-4.730905799624019,,-9.5064777503358,-13.10293645028914,,274.0,,4.0,979.0,,21.0,,0.0,102.0,,18.0,,0.0,13.0,
yazle.com,yazle.com,,,,,,11987456.0,247103128.0,,,,74845414.0,1721241423.0,,,2055177421.0,259090584.0,1796086837.0,2026-Q3,0.20412379247250478,,,0.10848908514349724,,-4.157375489790996,,,-13.443825493721425,,415.0,,,584.0,,23.0,,,90.0,,16.0,,,39.0,
pubwise.io,pubwise.io,,,,,,12924756.0,480238291.0,,,,52471474.0,4260121114.0,,,4805755635.0,493163047.0,4312592588.0,2026-Q3,0.2115017608751254,,,0.10551678144093568,,-4.2147025317094595,,,-12.018659364998635,,430.0,,,568.0,,20.0,,,73.0,,13.0,,,15.0,
madstream.net,madstream.net,,,,,,176194.0,346191890.0,,,,9798729.0,2011196560.0,5238.0,,2367368611.0,346368084.0,2021000527.0,2026-Q3,0.09296240187302025,,,0.2359266063908245,,,,,500.0,,189.0,,,1270.0,,189.0,,,1269.0,,0.0,,,0.0,
atasdigital.com,atasdigital.com,,,,,,37620478.0,484080920.0,,,,168614559.0,4671629063.0,,,5361945020.0,521701398.0,4840243622.0,2026-Q3,0.1972376886300588,,,0.11647715134413146,,-2.6169413062583993,,,-15.186085234015092,,401.0,,,627.0,,22.0,,,47.0,,9.0,,,4.0,
juspay.io,JUSPAY,Business Tools,juspay.io,JUSPAY,company-logos/juspay.io/logo_200x200.jpeg,company-logos/juspay.io/logo_200x200.jpeg,,,0.0,63184.0,,,,1203.0,293475320.0,293539707.0,63184.0,293476523.0,2026-Q3,,0.0015455711658243305,,,0.29520588820370003,,-2.4976430039721156,,,-2.869262621410773,,3.0,,,1113.0,,0.0,,,39.0,,0.0,,,33.0
pubwheel.com,pubwheel.com,,,,,,16770462.0,100775064.0,,,,124765994.0,540389842.0,,,782701362.0,117545526.0,665155836.0,2026-Q3,0.19231904302831174,,,0.10310178468260442,,-8.352321507734699,,,-18.04949826662782,,391.0,,,555.0,,15.0,,,46.0,,26.0,,,26.0,
sparcmedia.com,sparcmedia.com,,,,,,21487506.0,76345873.0,,,,85143192.0,459983523.0,,,642960094.0,97833379.0,545126715.0,2026-Q3,0.20707497983355302,,,0.08805449718838647,,-11.254705119163493,,,-16.78947854027689,,421.0,,,474.0,,19.0,,,27.0,,45.0,,,3.0,
audienceconnect.io,audienceconnect.io,,,,,,164476.0,361812580.0,,,,5599805.0,2261501727.0,,,2629078588.0,361977056.0,2267101532.0,2026-Q3,0.1534617427745096,,,0.12335060365630508,,-9.263849995154226,,,-11.84163453474714,,312.0,,,664.0,,9.0,,,82.0,,21.0,,,13.0,
balloonlabs.ai,balloonlabs.ai,,,,,,12985916.0,552944647.0,,,,241304411.0,5042195153.0,1221.0,,5849431348.0,565930563.0,5283500785.0,2026-Q3,0.17313632518149802,,,0.11443369254862039,,-1.5799623777614382,,,-11.037741155689062,,352.0,,,616.0,,22.0,,,72.0,,7.0,,,3.0,
exmarketplace.com,exmarketplace.com,,,,,,591008.0,6529607.0,,,,232092435.0,46468812.0,21.0,,285681883.0,7120615.0,278561268.0,2026-Q3,0.1436244515710154,,0.0010832358421075437,0.11666292032554157,,-19.784278241959626,,-9.5064777503358,-5.862763654962196,,292.0,,1.0,628.0,,22.0,,0.0,120.0,,73.0,,0.0,19.0,
advanttechnology.com,advanttechnology.com,,,,,,16546174.0,400278924.0,,,,48640778.0,2934179263.0,,,3399645139.0,416825098.0,2982820041.0,2026-Q3,0.17264446062132333,,,0.10235870875696401,,-3.294366442203825,,,-16.293213258932376,,351.0,,,551.0,,20.0,,,45.0,,11.0,,,14.0,
motionspots.com,motionspots.com,,,,,,4928503.0,202302702.0,,,,121110651.0,2392253713.0,,,2720595569.0,207231205.0,2513364364.0,2026-Q3,0.10083223483581562,,,0.1709074628972902,,-8.017474308274469,,,-11.476803824898692,,205.0,,,920.0,,7.0,,,104.0,,12.0,,,5.0,
hoopladigital.co.uk,hoopladigital.co.uk,,,,,,2145952.0,59631702.0,,,,17503930.0,443754668.0,,,523036252.0,61777654.0,461258598.0,2026-Q3,0.2011726051114565,,,0.06892029210314636,,34.28026058744462,,,7.355346576565824,,409.0,,,371.0,,136.0,,,105.0,,14.0,,,7.0,
vidcrunch.com,vidcrunch.com,,,,,,6218421.0,183321214.0,,,,62742680.0,2349960389.0,,,2602242704.0,189539635.0,2412703069.0,2026-Q3,0.1278847856454247,,,0.13245328374539989,,-7.201664767771344,,,-7.207419034081422,,260.0,,,713.0,,10.0,,,114.0,,14.0,,,8.0,
lumeriq.net,lumeriq.net,,,,,,219404.0,303156884.0,,,,12559045.0,1668740054.0,,,1984675387.0,303376288.0,1681299099.0,2026-Q3,0.12050681724280403,,,0.12502252448899598,,6.384195725284454,,,-5.399993903339694,,245.0,,,673.0,,46.0,,,119.0,,18.0,,,8.0,
rogersad.com,rogersad.com,,,,,,8748462.0,25038296.0,,,,127520473.0,366104019.0,,,527411250.0,33786758.0,493624492.0,2026-Q3,0.06394239282271234,,,0.1883697471498394,,28.94084474372822,,,45.11466146147364,,130.0,,,1014.0,,49.0,,,471.0,,14.0,,,9.0,
benefit.media,benefit.media,,,,,,7799956.0,349613810.0,,,,31290308.0,2045642893.0,,,2434346967.0,357413766.0,2076933201.0,2026-Q3,0.1642827630983532,,,0.08824026616979656,,7.779056999960372,,,3.94385592070675,,334.0,,,475.0,,65.0,,,118.0,,23.0,,,4.0,
us.com,us.com,,,,,,650312.0,64861667.0,227.0,,3790.0,10557859.0,375354890.0,445.0,,451429190.0,65512206.0,385916984.0,2026-Q3,0.06886103842445944,,0.0010832358421075437,0.17722360826523353,,-10.260950544658021,,,-13.870339089429438,,140.0,,1.0,954.0,,5.0,,1.0,81.0,,12.0,,0.0,2.0,
lightad.,lightad.,,,,,,3836523.0,,,,,270129595.0,,,,273966118.0,3836523.0,270129595.0,2026-Q3,0.12542546284455114,,,0.11499099949285067,,-5.773998071890907,,,0.8233970707985119,,255.0,,,619.0,,11.0,,,148.0,,11.0,,,14.0,
trustx.org,trustx.org,,,,,,7169132.0,152657354.0,,,,13518360.0,789100417.0,,,962445263.0,159826486.0,802618777.0,2026-Q3,0.1721525960611486,,,0.06483337451212422,,-4.130521294075072,,,-11.350262558172782,,350.0,,,349.0,,29.0,,,39.0,,23.0,,,1.0,
yieldnexus.com,yieldnexus.com,,,,,,3089743.0,477591808.0,,,,27797453.0,4722845652.0,,,5231324656.0,480681551.0,4750643105.0,2026-Q3,0.1874003974265646,,,0.046813783315344706,,-10.024795151354501,,,-14.925951769513851,,381.0,,,252.0,,20.0,,,20.0,,38.0,,,2.0,
alpineinteractivegroup.com,alpineinteractivegroup.com,,,,,,7674138.0,273527760.0,,,,25930633.0,2462724257.0,,,2769856788.0,281201898.0,2488654890.0,2026-Q3,0.15051055541346134,,,0.08526796246723499,,-4.841067359731423,,,-13.667203096715843,,306.0,,,459.0,,15.0,,,42.0,,12.0,,,3.0,
rwadx.com,rwadx.com,,,,,,923940.0,24511007.0,,,,50707534.0,152043859.0,,,228186340.0,25434947.0,202751393.0,2026-Q3,0.11165325515965924,,,0.1040306295896549,,-23.88148598690121,,,-15.575371985013744,,227.0,,,560.0,,7.0,,,47.0,,61.0,,,11.0,
sspx.tech,sspx.tech,,,,,,349549.0,399660053.0,,,,6698970.0,3023055536.0,,,3429764108.0,400009602.0,3029754506.0,2026-Q3,0.13870580596926832,,,0.09511371848197019,,-16.177499862060692,,,-13.0179930841604,,282.0,,,512.0,,5.0,,,49.0,,40.0,,,2.0,
thetradedesk.com,The Trade Desk,Business Tools,thetradedesk.com,The Trade Desk,company-logos/thetradedesk.com/logo_200x200.jpeg,company-logos/thetradedesk.com/logo_200x200.jpeg,2516965.0,20733.0,,,189589805.0,65774779.0,219141.0,,,258121423.0,2537698.0,255583725.0,2026-Q3,0.06369510617496897,,0.8617201596588113,0.16732855647633482,,22.681707110640154,,-3.729228478819123,46.38787639370986,,387.0,,1576.0,2697.0,,135.0,,94.0,1266.0,,45.0,,0.0,24.0,
appnerve.com,appnerve.com,,,,,,7475379.0,486342978.0,,,,274074503.0,4589465428.0,,,5357358288.0,493818357.0,4863539931.0,2026-Q3,0.11755562988175576,,,0.10867485412490735,,-4.576209911787852,,,12.991291790577566,,239.0,,,585.0,,14.0,,,179.0,,11.0,,,3.0,
boldcollective.co,boldcollective.co,,,,,,2121842.0,167279588.0,,,,6174896.0,904759620.0,,,1080335946.0,169401430.0,910934516.0,2026-Q3,0.13083597300647293,,,0.07337874765698872,,-8.190049403380906,,,-12.59399006331604,,266.0,,,395.0,,12.0,,,39.0,,19.0,,,1.0,
imds.tv,imds.tv,,,,,,349805.0,515445016.0,,,,2900970.0,4854624210.0,,,5373320001.0,515794821.0,4857525180.0,2026-Q3,0.17854683534341984,,,0.06724837127045549,,16.737333446769963,,,-3.06090291218697,,363.0,,,362.0,,78.0,,,67.0,,8.0,,,0.0,
adgrid.io,adgrid.io,,,,,,1438215.0,256147540.0,0.0,,,4810428.0,2008501301.0,1.0,,2270897485.0,257585755.0,2013311730.0,2026-Q3,0.08656816259074901,,,0.11740599625118195,,-1.2870455991238312,,,-9.717336571728994,,176.0,,,632.0,,13.0,,,90.0,,5.0,,,11.0,
amazonaws.com,Amazon Web Services AWS,Development Tools,amazon.com,Amazon,company-logos/amazonaws.com/logo_200x200.jpeg,company-logos/amazon.com/logo_200x200.jpeg,,,794295.0,,1759732932.0,,,14471476.0,26408173.0,1801406876.0,794295.0,1800612581.0,2026-Q3,,,5.013577418494675,,0.20529142629799085,,,-5.187237003557893,,2.994369249030455,,,9213.0,,516.0,,,418.0,,44.0,,,0.0,,12.0
beintoo.com,beintoo.com,,,,,,5608114.0,350820563.0,,,,19570224.0,2372702627.0,,,2748701528.0,356428677.0,2392272851.0,2026-Q3,0.1234580046038523,,,0.08601103839287538,,7.503302199797192,,,34.96591889807487,,251.0,,,463.0,,49.0,,,196.0,,18.0,,,4.0,
metaxsoft.com,metaxsoft.com,,,,,,956137.0,306610588.0,,,,283837846.0,2190661675.0,126106.0,,2782192352.0,307566725.0,2474625627.0,2026-Q3,0.12050681724280403,,,0.08526796246723499,,-6.913828740376111,,,-2.788807776462893,,245.0,,,459.0,,21.0,,,92.0,,24.0,,,6.0,
tpmn.io,tpmn.io,,,,,,919947.0,590904816.0,,,210808.0,30403949.0,6113559327.0,,,6735998847.0,591824763.0,6144174084.0,2026-Q3,0.1195230881224546,,0.033580311105333854,0.08898334209543696,,-5.773998071890914,,-9.5064777503358,-12.20482294808796,,243.0,,31.0,479.0,,8.0,,0.0,63.0,,8.0,,0.0,15.0,
tpmn.co.kr,tpmn.co.kr,,,,,,144855.0,24516919.0,,,215159.0,2949203.0,522098289.0,,,549924425.0,24661774.0,525262651.0,2026-Q3,0.06443425738288705,,0.0346635469474414,0.14378519161141587,,0.3545223787177973,,-9.5064777503358,-12.776128663628327,,131.0,,32.0,774.0,,14.0,,0.0,79.0,,6.0,,0.0,6.0,
adpushup.com,adpushup.com,,,,,,19722907.0,25419301.0,,,329774.0,90188198.0,226361295.0,,,362021475.0,45142208.0,316879267.0,2026-Q3,0.1382139414090936,,0.0021664716842150875,0.07913758608070176,,0.6749298167249154,,-9.5064777503358,-12.36233647685411,,281.0,,2.0,426.0,,33.0,,0.0,42.0,,15.0,,0.0,0.0,
added.tv,added.tv,,,,,,1099924.0,397568254.0,,,,210813468.0,3040150164.0,,,3649631810.0,398668178.0,3250963632.0,2026-Q3,0.15149428453381078,,,0.05090070090636686,,-13.10895630581558,,,-12.720691302709778,,308.0,,,274.0,,16.0,,,32.0,,42.0,,,6.0,
newsusadigital.com,newsusadigital.com,,,,,,15875691.0,432537720.0,,,,49214525.0,3565835974.0,,,4063463910.0,448413411.0,3615050499.0,2026-Q3,0.12690105652507525,,,0.07988066200634215,,-1.5776983908820386,,,-13.78463930231733,,258.0,,,430.0,,17.0,,,40.0,,6.0,,,4.0,
ardenodemedia.com,ardenodemedia.com,,,,,,17161514.0,190757775.0,,,,47049508.0,1260074248.0,,,1515043045.0,207919289.0,1307123756.0,2026-Q3,0.1288685147657741,,,0.07709412728519068,,-0.8545682523511032,,,-12.576287580290918,,262.0,,,415.0,,18.0,,,42.0,,5.0,,,2.0,
cereone.com,cereone.com,,,,,,125717.0,,,,,218788928.0,,,,218914645.0,125717.0,218788928.0,2026-Q3,0.1234580046038523,,,0.08136681385762294,,-10.413914833502332,,,-13.063239299284248,,251.0,,,438.0,,6.0,,,40.0,,19.0,,,0.0,
jwsmedia.it,jwsmedia.it,,,,,,5244332.0,315139021.0,,,,18509652.0,1823893105.0,,,2162786110.0,320383353.0,1842402757.0,2026-Q3,0.11657190076140635,,,0.08266719672749362,,8.405642994960447,,,38.947873803885486,,237.0,,,445.0,,49.0,,,196.0,,18.0,,,4.0,
360playvid.com,360playvid.com,,,,,,465864.0,206215253.0,,,,55953242.0,1209169564.0,,,1471803923.0,206681117.0,1265122806.0,2026-Q3,0.07427154858638126,,,0.12799482819155755,,-1.8749910955553677,,,-9.88549550609454,,151.0,,,689.0,,13.0,,,86.0,,7.0,,,1.0,
mango.mp,mango.mp,,,,,,116653.0,408006047.0,,,,3618077.0,2900660181.0,,,3312400958.0,408122700.0,2904278258.0,2026-Q3,0.042300352175025084,,,0.14917249207230873,,-4.665456872736707,,,-14.392906354535853,,86.0,,,803.0,,2.0,,,65.0,,1.0,,,3.0,
instreamatic.com,instreamatic.com,,,,,,1279198.0,494664861.0,,,,6921734.0,4857051987.0,,,5359917780.0,495944059.0,4863973721.0,2026-Q3,0.15985598205678084,,,0.03195226480253686,,-9.398075069125897,,,-20.07328914144244,,325.0,,,172.0,,11.0,,,2.0,,24.0,,,0.0,
coolbootsmedia.com,coolbootsmedia.com,,,,,,5701699.0,137850.0,,,3444.0,248518055.0,22185058.0,5652.0,,276551758.0,5839549.0,270712209.0,2026-Q3,0.0767308713872548,,0.0010832358421075437,0.08898334209543696,,-28.296310727877977,,-9.5064777503358,-16.652596234858837,,156.0,,1.0,479.0,,4.0,,0.0,47.0,,53.0,,0.0,22.0,
ombu.digital,ombu.digital,,,,,,780945.0,66426893.0,,,,4862245.0,311895713.0,,,383965796.0,67207838.0,316757958.0,2026-Q3,0.14952682629311193,,,0.03195226480253686,,-12.934028613540546,,,-19.60035002393618,,304.0,,,172.0,,38.0,,,4.0,,63.0,,,1.0,
velismedia.com,velismedia.com,,,,,,7344869.0,393654092.0,,,,76577864.0,2995816476.0,,,3473393301.0,400998961.0,3072394340.0,2026-Q3,0.11017766147913512,,,0.07059221293583726,,-8.629331463651804,,,-10.657780982440137,,224.0,,,380.0,,9.0,,,52.0,,16.0,,,8.0,
quantum-advertising.com,quantum-advertising.com,,,,,,321197.0,28660430.0,,,,1814535.0,270626647.0,,,301422809.0,28981627.0,272441182.0,2026-Q3,0.10279969307651445,,,0.08136681385762294,,-19.29002293862789,,,-11.732574594681465,,209.0,,,438.0,,0.0,,,46.0,,35.0,,,0.0,
refine.direct,refine.direct,,,,,,5322697.0,350565441.0,,,,11920636.0,2370662915.0,,,2738471689.0,355888138.0,2382583551.0,2026-Q3,0.1150963070808822,,,0.06446183654930401,,7.5555339081830315,,,8.778070172257085,,234.0,,,347.0,,47.0,,,99.0,,18.0,,,4.0,
darkmattertv.com,darkmattertv.com,,,,,,2110868.0,1908064.0,,,,212201871.0,6720507.0,10.0,,222941320.0,4018932.0,218922388.0,2026-Q3,0.09296240187302025,,,0.0850821934858249,,-11.838047700927651,,,-6.023954886026998,,189.0,,,458.0,,4.0,,,76.0,,17.0,,,3.0,
adtiming.com,Adtiming,Ad Networks,adtiming.com,Adtiming,company-logos/adtiming.com/logo_200x200.jpeg,company-logos/adtiming.com/logo_200x200.jpeg,846475.0,362987471.0,417.0,,,46423425.0,2943275403.0,,,3353533191.0,363834363.0,2989698828.0,2026-Q3,0.08640808977224473,,,0.07668449974221352,,-4.760470686389709,,,-18.041525397681983,,525.0,,,1236.0,,18.0,,,57.0,,12.0,,,12.0,
bidedge.io,bidedge.io,,,,,,8048824.0,278219764.0,,,,105336538.0,2343865298.0,,,2735470424.0,286268588.0,2449201836.0,2026-Q3,0.08410883978987546,,,0.08916911107684705,,32.070871554972555,,,100.62814095171335,,171.0,,,480.0,,50.0,,,292.0,,1.0,,,1.0,
carliba.io,carliba.io,,,,,,2503374.0,419899887.0,,,,7935729.0,3131740524.0,,,3562079514.0,422403261.0,3139676253.0,2026-Q3,0.10279969307651445,,,0.06817721617750598,,44.80319413952058,,,4.664333189182423,,209.0,,,367.0,,84.0,,,92.0,,11.0,,,2.0,
affinity.com,affinity.com,,,,,,14202769.0,34571652.0,0.0,,8705.0,121176949.0,368901927.0,36.0,,538862038.0,48774421.0,490087617.0,2026-Q3,0.09837291203494206,,0.0032497075263226314,0.06854875414032617,,-6.706928784050435,,35.740283374496315,-15.751401865887274,,200.0,,3.0,369.0,,14.0,,1.0,26.0,,16.0,,0.0,3.0,
aetherxad.com,aetherxad.com,,,,,,72702.0,142041201.0,,,,334065807.0,862742893.0,,,1338922603.0,142113903.0,1196808700.0,2026-Q3,0.10821020323843628,,,0.059817612014051565,,-10.647756792310348,,,-4.01079086447036,,220.0,,,322.0,,4.0,,,57.0,,16.0,,,0.0,
rocketlab.ai,rocketlab.ai,,,,,,858583.0,389862014.0,,,2014.0,11041247.0,2455237908.0,,,2857001766.0,390720597.0,2466281169.0,2026-Q3,0.10279969307651445,,0.0010832358421075437,0.06056068793969196,,-1.5338279851260217,,-9.5064777503358,-8.999541544472422,,209.0,,1.0,326.0,,16.0,,0.0,45.0,,7.0,,0.0,2.0,
smadex.com,Smadex,Ad Networks,smadex.com,Smadex,company-logos/smadex.com/logo_200x200.jpeg,company-logos/smadex.com/logo_200x200.jpeg,6067080.0,408235335.0,,,122314496.0,37266747.0,3226297024.0,,,3800180682.0,414302415.0,3385878267.0,2026-Q3,0.09399565641124584,,0.5592174589216805,0.04684206901729062,,50.26508978455956,,-8.411871954594364,-27.010240302186272,,380.0,,1539.0,755.0,,142.0,,18.0,211.0,,0.0,,0.0,0.0,
adstxtmarket.com,adstxtmarket.com,,,,,,7822053.0,363292738.0,272.0,,,25082681.0,2833500783.0,2319.0,,3229700846.0,371115063.0,2858585783.0,2026-Q3,0.09394613099336967,,,0.06353299164225353,,-0.015742398506472216,,,-13.406772336826606,,191.0,,,342.0,,14.0,,,32.0,,3.0,,,2.0,
advisermedia.co,advisermedia.co,,,,,,4455146.0,381405176.0,,,,16724196.0,2358602023.0,,,2761186541.0,385860322.0,2375326219.0,2026-Q3,0.1096857969189604,,,0.04532763146406392,,-4.052975205624086,,,-15.086569859313387,,223.0,,,244.0,,14.0,,,18.0,,10.0,,,1.0,
videogrid.ai,videogrid.ai,,,,,,633352.0,,,,,220867730.0,,,,221501082.0,633352.0,220867730.0,2026-Q3,0.06148307002183878,,,0.09325602866786921,,-0.1843199914098957,,,10.157388641300118,,125.0,,,502.0,,11.0,,,144.0,,4.0,,,2.0,
somoaudience.com,somoaudience.com,,,,,,4860362.0,92089573.0,,,,8208915.0,420097056.0,,,525255906.0,96949935.0,428305971.0,2026-Q3,0.09247053731284553,,,0.06074645692110206,,-7.253987630971171,,,-20.02437438571504,,188.0,,,327.0,,3.0,,,13.0,,6.0,,,9.0,
audiate.me,audiate.me,,,,,,5435258.0,25141267.0,,,,11274432.0,188811064.0,,,230662021.0,30576525.0,200085496.0,2026-Q3,0.09443799555354439,,,0.05777415321854049,,-6.745400153623981,,,-18.64844441914485,,192.0,,,311.0,,4.0,,,10.0,,6.0,,,1.0,
newborntown.com,newborntown.com,,,,,,1060197.0,137365098.0,,,,17543241.0,1131915268.0,,,1287883804.0,138425295.0,1149458509.0,2026-Q3,0.09050307907214669,,,0.05220108377623755,,-4.738547501252373,,,-14.292471542756221,,184.0,,,281.0,,11.0,,,24.0,,9.0,,,2.0,
adcandid.com,adcandid.com,,,,,,2718184.0,45682.0,,,,230887649.0,204159737.0,,,437811252.0,2763866.0,435047386.0,2026-Q3,0.06590985106341118,,,0.07170682682429784,,3.4941332653001393,,,-11.099214073182115,,134.0,,,386.0,,18.0,,,55.0,,6.0,,,12.0,
gammassp.com,gammassp.com,,,,,,495828.0,178544471.0,,,,11315452.0,1164897333.0,,,1355253084.0,179040299.0,1176212785.0,2026-Q3,0.08755189171109844,,,0.05052916294354667,,-10.30893934115821,,,-17.673280092227955,,178.0,,,272.0,,5.0,,,12.0,,14.0,,,1.0,
imonomy.com,imonomy.com,,,,,,707711.0,35159281.0,,,,11819585.0,303286095.0,,,350972672.0,35866992.0,315105680.0,2026-Q3,0.07476341314655596,,,0.05795992219995059,,-18.622998334814884,,,-17.01290533360946,,152.0,,,312.0,,4.0,,,17.0,,28.0,,,2.0,
nglcollective.com,nglcollective.com,,,,,,1853869.0,44142615.0,,,,10359964.0,224012149.0,,,280368597.0,45996484.0,234372113.0,2026-Q3,0.09443799555354439,,,0.037153796282019605,,-9.543038149015276,,,-9.198470689957317,,192.0,,,200.0,,11.0,,,26.0,,19.0,,,0.0,
pubeasy.io,pubeasy.io,,,,,,12410772.0,498762513.0,,,3332.0,116311538.0,4795485155.0,,,5422973310.0,511173285.0,4911800025.0,2026-Q3,0.09099494363232141,,0.0010832358421075437,0.041983789798682156,,0.18281814195505536,,,3.798817982212758,,185.0,,1.0,226.0,,26.0,,1.0,56.0,,15.0,,0.0,2.0,
rediads.com,rediads.com,,,,,,3277861.0,363084582.0,,,,13362307.0,2078659226.0,,,2458383976.0,366362443.0,2092021533.0,2026-Q3,0.09148680819249612,,,0.03845417915189029,,-4.749802398759294,,,-14.831003054970902,,186.0,,,207.0,,13.0,,,15.0,,11.0,,,0.0,
saharmedia.net,saharmedia.net,,,,,,4026989.0,548054199.0,,,,27648970.0,4880402992.0,,,5460133150.0,552081188.0,4908051962.0,2026-Q3,0.08656816259074901,,,0.043098403687142746,,-8.880349783806619,,,-15.92944644064672,,176.0,,,232.0,,4.0,,,14.0,,10.0,,,0.0,
rakuten.tv,rakuten.tv,,,,,,10124539.0,34216518.0,,,76255.0,408091783.0,372506477.0,259768.0,,825275340.0,44341057.0,780934283.0,2026-Q3,0.06295866370236292,,0.0010832358421075437,0.06204683979097274,,-6.504432195364644,,-9.5064777503358,-14.611299718730727,,128.0,,1.0,334.0,,6.0,,0.0,27.0,,7.0,,0.0,2.0,
thisisdax.com,thisisdax.com,,,,,,156970.0,328183343.0,,,208.0,673467.0,2351881032.0,,,2680895020.0,328340313.0,2352554707.0,2026-Q3,0.11017766147913512,,0.0010832358421075437,0.006687683330763528,,-16.903053417730575,,-9.5064777503358,-16.35576770616069,,224.0,,1.0,36.0,,30.0,,0.0,2.0,,60.0,,0.0,0.0,
stamptv.io,stamptv.io,,,,,,3347315.0,446537.0,,,,41671292.0,213098056.0,,,258563200.0,3793852.0,254769348.0,2026-Q3,0.06886103842445944,,,0.046813783315344706,,-12.63814390771344,,,-6.53836954960675,,140.0,,,252.0,,4.0,,,39.0,,15.0,,,0.0,
quantumdex.io,quantumdex.io,,,,,,183303.0,87960665.0,,,2365.0,20686550.0,726560899.0,,,835393782.0,88143968.0,747249814.0,2026-Q3,0.04180848761485037,,0.0010832358421075437,0.07133528886147765,,-7.9401130587440205,,-9.5064777503358,-8.903979243546361,,85.0,,1.0,384.0,,2.0,,0.0,52.0,,4.0,,0.0,1.0,
tunein.com,tunein.com,,,,,,283488.0,53826526.0,248284.0,,227287.0,10021.0,252603957.0,5102.0,,307204665.0,54358298.0,252846367.0,2026-Q3,0.10476715131721329,,0.0032497075263226314,0.004272686572432255,,-17.406837816101916,,-9.5064777503358,-4.371652552949772,,213.0,,3.0,23.0,,30.0,,0.0,4.0,,60.0,,0.0,0.0,
appnexus.app,AppNexus,Ad Networks,appnexus.app,AppNexus,company-logos/appnexus.app/logo_200x200.jpeg,company-logos/appnexus.app/logo_200x200.jpeg,484.0,484.0,0.0,51.0,182796519.0,21234.0,7684.0,,67265917.0,250092373.0,1019.0,250091354.0,2026-Q3,0.0004947139811118202,0.0015455711658243305,1.0093498824429985,0.0013041501784822674,0.09071016510841456,-5.886601661249554,-2.4976430039721156,49.21075119314497,-21.03687391476074,-6.667696135782032,2.0,3.0,1846.0,14.0,342.0,0.0,0.0,726.0,0.0,12.0,0.0,0.0,0.0,0.0,24.0
coxmt.com,coxmt.com,,,,,,388253.0,45133931.0,,,,2651257.0,205193772.0,,,253367213.0,45522184.0,207845029.0,2026-Q3,0.053613237059043424,,,0.055173387478799116,,-9.10943176846116,,,-19.373858562123953,,109.0,,,297.0,,2.0,,,7.0,,6.0,,,1.0,
rtbmax.com,rtbmax.com,,,,,,5503096.0,366542703.0,,,,22861101.0,2274901143.0,,,2669808043.0,372045799.0,2297762244.0,2026-Q3,0.0718122257855077,,,0.03102341989548637,,-20.017463479628354,,,-22.850560272186538,,146.0,,,167.0,,5.0,,,7.0,,31.0,,,11.0,
onepath.ai,onepath.ai,,,,,,115909.0,37146228.0,,,,6823461.0,187192694.0,,,231278292.0,37262137.0,194016155.0,2026-Q3,0.05951561178113994,,,0.04495609350124372,,-4.98878138915669,,,-21.00266950026286,,121.0,,,242.0,,3.0,,,7.0,,2.0,,,7.0,
alpecs.com,alpecs.com,,,,,,7590881.0,432610512.0,,,,19103398.0,3333010569.0,,,3792315360.0,440201393.0,3352113967.0,2026-Q3,0.07082849666515828,,,0.03325264767240754,,0.5077353899830042,,,-6.354157884417569,,144.0,,,179.0,,14.0,,,29.0,,5.0,,,1.0,
onefootball.com,onefootball.com,,,,,,905128.0,44231603.0,291750.0,,261444.0,9451647.0,221985960.0,261444.0,,277388976.0,45428481.0,231960495.0,2026-Q3,0.07525527770673067,,0.0021664716842150875,0.027308040267284412,,-3.2444409731497434,,-9.5064777503358,-17.641080968359148,,153.0,,2.0,147.0,,10.0,,0.0,9.0,,6.0,,0.0,3.0,
tviq.io,tviq.io,,,,,,948052.0,309067713.0,,,,6631058.0,1746031219.0,11.0,,2062678053.0,310015765.0,1752662288.0,2026-Q3,0.06738544474393532,,,0.033438416653817644,,-9.091815041190522,,,-14.853176706870153,,137.0,,,180.0,,4.0,,,16.0,,9.0,,,3.0,
leapmobs.com,leapmobs.com,,,,,,505902.0,310494245.0,,,,28951973.0,2118516589.0,,,2458468709.0,311000147.0,2147468562.0,2026-Q3,0.05213764337851929,,,0.04792839720380529,,-9.200398142003978,,,-17.14914118320252,,106.0,,,258.0,,3.0,,,13.0,,7.0,,,1.0,
mediayo.ai,mediayo.ai,,,,,,6236163.0,264237490.0,,,223340.0,20746028.0,1658296159.0,,,1949739180.0,270473653.0,1679265527.0,2026-Q3,0.055580695299742265,,0.0021664716842150875,0.044027248594193234,,19.63526087501489,,-9.5064777503358,-8.223689566481863,,113.0,,2.0,237.0,,26.0,,0.0,33.0,,2.0,,0.0,0.0,
goldbach-germany.de,goldbach-germany.de,,,,,,4283614.0,239762715.0,,,,37875655.0,2140432723.0,,,2422354707.0,244046329.0,2178308378.0,2026-Q3,0.059023747220965234,,,0.03696802730060951,,-6.552725360552985,,,-13.1465813842669,,120.0,,,199.0,,7.0,,,18.0,,8.0,,,0.0,
cgnl.io,cgnl.io,,,,,,21943471.0,391320701.0,,,,82966819.0,4029354930.0,,,4525585921.0,413264172.0,4112321749.0,2026-Q3,0.059023747220965234,,,0.036782258319199415,,-4.176947191753495,,,-14.527478475694238,,120.0,,,198.0,,8.0,,,16.0,,6.0,,,1.0,
revlift.io,revlift.io,,,,,,644059.0,41088608.0,,,,10476098.0,332053145.0,,,384261910.0,41732667.0,342529243.0,2026-Q3,0.04820272689712161,,,0.04346994164996294,,-8.572790208369426,,,-15.591893438637037,,98.0,,,234.0,,4.0,,,17.0,,7.0,,,2.0,
rtb-mix.com,rtb-mix.com,,,,,,69103.0,47018628.0,,,,492877.0,335563286.0,,,383143894.0,47087731.0,336056163.0,2026-Q3,0.05164577881834458,,,0.037153796282019605,,-13.967563456943882,,,-22.17011773424912,,105.0,,,200.0,,9.0,,,7.0,,19.0,,,10.0,
smartstream.tv,smartstream.tv,,,,,,4379308.0,486448336.0,,,,17144254.0,4092396285.0,,,4600368183.0,490827644.0,4109540539.0,2026-Q3,0.06295866370236292,,,0.02545035045318343,,-11.96402739563531,,,-12.720691302709778,,128.0,,,137.0,,3.0,,,14.0,,12.0,,,1.0,
pixad.com.tr,pixad.com.tr,,,,,,56807.0,115762146.0,,,3887.0,3543338.0,1468567779.0,,,1587933957.0,115818953.0,1472115004.0,2026-Q3,0.0383654356936274,,0.0032497075263226314,0.05275839072046784,,-19.234855490192228,,171.4805667489926,-5.73427789106997,,78.0,,3.0,284.0,,2.0,,2.0,47.0,,15.0,,0.0,1.0,
tyroo.com,tyroo.com,,,,,,866422.0,473870.0,,,,224472529.0,210562775.0,,,436375596.0,1340292.0,435035304.0,2026-Q3,0.047710862336946894,,,0.04068340692881147,,-10.392919735033525,,,-13.063239299284248,,97.0,,,219.0,,4.0,,,22.0,,9.0,,,2.0,
integralads.com,Integral Ad Science,Business Tools,integralads.com,Integral Ad Science,company-logos/integralads.com/logo_200x200.jpeg,company-logos/integralads.com/logo_200x200.jpeg,101.0,532919.0,,,225558783.0,237517.0,658637.0,,286574.0,227274531.0,533020.0,226741511.0,2026-Q3,0.0014841419433354605,,1.1055825906282464,0.0014904573468368769,0.0867316490948876,41.17009750812567,,10.536895148029899,57.92625217047852,-4.271125015823647,6.0,,2022.0,16.0,327.0,2.0,,366.0,8.0,0.0,0.0,,0.0,0.0,3.0
appush.com,appush.com,,,,,,5647273.0,399844100.0,,,,7256115.0,2812834696.0,,,3225582184.0,405491373.0,2820090811.0,2026-Q3,0.06394239282271234,,,0.024149967583312743,,-0.4115426776082873,,,-7.480603919226785,,130.0,,,130.0,,9.0,,,19.0,,2.0,,,0.0,
widesound.io,widesound.io,,,,,,1435167.0,220590737.0,,,,12012688.0,1371291057.0,,,1605329649.0,222025904.0,1383303745.0,2026-Q3,0.06246679914218821,,,0.021549201843571373,,-10.696251903956327,,,-22.341607305343153,,127.0,,,116.0,,2.0,,,3.0,,9.0,,,5.0,
league-m.de,league-m.de,,,,,,17056.0,21204915.0,,,,905203.0,211822312.0,,,233949486.0,21221971.0,212727515.0,2026-Q3,0.04918645601747103,,,0.03083765091407627,,-20.818485774698246,,,-16.4741601085582,,100.0,,,166.0,,3.0,,,9.0,,22.0,,,0.0,
prismriotads.com,prismriotads.com,,,,,,2020125.0,952738.0,,,,215382054.0,209814193.0,,,428169110.0,2972863.0,425196247.0,2026-Q3,0.043284081295374505,,,0.036039182393559015,,-9.870780764417402,,,-10.898359785180208,,88.0,,,194.0,,2.0,,,25.0,,6.0,,,3.0,
frameplay.gg,frameplay.gg,,,,,,4811980.0,348964758.0,,,3217179.0,40230592.0,2030319546.0,,,2427544055.0,353776738.0,2073767317.0,2026-Q3,0.06148307002183878,,0.0032497075263226314,0.01894843610383,,-5.773998071890935,,35.740283374496315,-16.93064215491559,,125.0,,3.0,102.0,,2.0,,1.0,10.0,,2.0,,0.0,5.0,
mobuppsrtb.com,mobuppsrtb.com,,,,,,103120.0,78567524.0,,,223051.0,1308029.0,344287106.0,,,424488830.0,78670644.0,345818186.0,2026-Q3,0.04279221673519979,,0.0010832358421075437,0.03548187544932872,,-5.773998071890939,,-9.5064777503358,-21.00266950026286,,87.0,,1.0,191.0,,2.0,,0.0,7.0,,2.0,,0.0,7.0,
qortex.ai,qortex.ai,,,,,,4610227.0,350259713.0,,,,15132362.0,2970045302.0,,,3340047604.0,354869940.0,2985177664.0,2026-Q3,0.044267810415723925,,,0.026936502304464212,,-21.478331726575774,,,-4.5448923128176375,,90.0,,,145.0,,1.0,,,25.0,,19.0,,,0.0,
addigi.media,addigi.media,,,,,,697606.0,373346201.0,,,,7530244.0,2341064905.0,,,2722638956.0,374043807.0,2348595149.0,2026-Q3,0.05607255985991698,,,0.02080612591793098,,-9.733073783155993,,,-13.25783317675923,,114.0,,,112.0,,2.0,,,10.0,,7.0,,,0.0,
haxmediapartners.com,haxmediapartners.com,,,,,,2765595.0,78510470.0,34.0,,,18226483.0,461448210.0,15361.0,,560966153.0,81276099.0,479690054.0,2026-Q3,0.04918645601747103,,,0.022106508787801665,,-8.518444729991192,,,-8.731239519721175,,100.0,,,119.0,,5.0,,,18.0,,8.0,,,2.0,
amlinetwork.com,amlinetwork.com,,,,,,189618.0,46907678.0,,,,66489500.0,198683929.0,,,312270725.0,47097296.0,265173429.0,2026-Q3,0.0334467900918803,,,0.03901148609612059,,-9.755378435050458,,,-14.487425747707219,,68.0,,,210.0,,2.0,,,20.0,,5.0,,,4.0,
streambidmedia.com,streambidmedia.com,,,,,,2941889.0,128044566.0,,,,11386768.0,811344500.0,,,953717723.0,130986455.0,822731268.0,2026-Q3,0.04967832057764574,,,0.023778429620492546,,-9.363560050104603,,,-16.432576000278072,,101.0,,,128.0,,0.0,,,7.0,,4.0,,,0.0,
vindicosuite.com,vindicosuite.com,,,,,,6814429.0,80179833.0,,,,13871637.0,874479469.0,,,975345368.0,86994262.0,888351106.0,2026-Q3,0.047218997776772194,,,0.026564964341644022,,-5.773998071890923,,,-15.063020590508192,,96.0,,,143.0,,3.0,,,12.0,,3.0,,,2.0,
eliteappgrade.com,eliteappgrade.com,,,,,,1470133.0,580511154.0,,,,28055431.0,5637507079.0,8.0,,6247543805.0,581981287.0,5665562518.0,2026-Q3,0.04967832057764574,,,0.021177663880751173,,459.8133055728834,,,221.6319884632154,,101.0,,,114.0,,85.0,,,86.0,,1.0,,,0.0,
sipo-inc.com,sipo-inc.com,,,,,,1479583.0,483267511.0,0.0,,,28613888.0,4213647695.0,,,4727008677.0,484747094.0,4242261583.0,2026-Q3,0.05017018513782045,,,0.02062035693652088,,243.25186416668302,,,65.4472393485061,,102.0,,,111.0,,74.0,,,58.0,,0.0,,,0.0,
freewheel.com,freewheel.com,,,,,,24566.0,47804116.0,,,,1385537.0,261964476.0,,,311178695.0,47828682.0,263350013.0,2026-Q3,0.04574340409624806,,,0.02359266063908245,,-15.740209814287073,,,-19.091443762365987,,93.0,,,127.0,,1.0,,,3.0,,12.0,,,0.0,
boostappi.com,boostappi.com,,,,,,1470133.0,467628190.0,,,,47090641.0,4010165710.0,,,4526354674.0,469098323.0,4057256351.0,2026-Q3,0.04967832057764574,,,0.020434587955110786,,494.80163717118853,,,294.9866524986858,,101.0,,,110.0,,85.0,,,88.0,,0.0,,,0.0,
bridgeupp.com,bridgeupp.com,,,,,,1429315.0,437348438.0,,,,20961385.0,3411240526.0,,,3870979664.0,438777753.0,3432201911.0,2026-Q3,0.05017018513782045,,,0.019877281010880488,,231.41559298852155,,,76.09821590566402,,102.0,,,107.0,,74.0,,,59.0,,1.0,,,0.0,
bidvol.com,bidvol.com,,,,,,102168.0,36025772.0,,,,1314187.0,222060770.0,,,259502897.0,36127940.0,223374957.0,2026-Q3,0.030987467291006748,,,0.039197255077530684,,-5.773998071890929,,,-18.2919767870366,,63.0,,,211.0,,2.0,,,8.0,,2.0,,,1.0,
bildapp.net,bildapp.net,,,,,,1429315.0,270793220.0,,,,20961132.0,2025118891.0,,,2318302558.0,272222535.0,2046080023.0,2026-Q3,0.04918645601747103,,,0.01894843610383,,262.4076997234964,,,96.52994417007774,,100.0,,,102.0,,74.0,,,61.0,,0.0,,,0.0,
nitrouppi.com,nitrouppi.com,,,,,,1429315.0,387143351.0,,,,20958205.0,2409695341.0,2935.0,,2819229147.0,388572666.0,2430656481.0,2026-Q3,0.04918645601747103,,,0.018576898141009802,,262.4076997234964,,,92.67641585301739,,100.0,,,100.0,,74.0,,,59.0,,0.0,,,0.0,
snaxgames.com,snaxgames.com,,,,,,1419865.0,49420392.0,9450.0,,,20951355.0,287002202.0,6825.0,,358810089.0,50849707.0,307960382.0,2026-Q3,0.048694591457296314,,,0.017833822215369412,,273.1349676353119,,,94.45496738396835,,99.0,,,96.0,,74.0,,,57.0,,0.0,,,0.0,
adsbea.com,adsbea.com,,,,,,187001.0,187141493.0,,,,47437131.0,1286132185.0,,,1520897810.0,187328494.0,1333569316.0,2026-Q3,0.029511873610482617,,,0.0373395652634297,,-5.773998071890927,,,-14.170467943528859,,60.0,,,201.0,,2.0,,,20.0,,2.0,,,4.0,
audience.media,audience.media,,,,,,2377803.0,33557767.0,,,,18582912.0,194680115.0,,,249198597.0,35935570.0,213263027.0,2026-Q3,0.04377594585554922,,,0.023406891657672353,,-3.607883085037842,,,-15.646918279941701,,89.0,,,126.0,,5.0,,,9.0,,3.0,,,1.0,
adservme.com,adservme.com,,,,,,268202.0,43421732.0,,,,1266334.0,217792032.0,,,262748300.0,43689934.0,219058366.0,2026-Q3,0.030987467291006748,,,0.034553030542278235,,-5.773998071890929,,,-17.91338841926755,,63.0,,,186.0,,2.0,,,8.0,,2.0,,,1.0,
kinetix.tv,kinetix.tv,,,,,,2417353.0,152538526.0,,,,12785860.0,867769968.0,,,1035511707.0,154955879.0,880555828.0,2026-Q3,0.03147933185118146,,,0.031394957858306566,,-2.734449622597088,,,-19.087582700269248,,64.0,,,169.0,,6.0,,,6.0,,4.0,,,2.0,
algogear.com,algogear.com,,,,,,1549041.0,239980627.0,,,100117.0,8612889.0,2135625073.0,,,2385867747.0,241529668.0,2144338079.0,2026-Q3,0.04082475849450096,,0.0075826508947528055,0.023035353694852156,,,,111.15155191588309,,,83.0,,7.0,124.0,,83.0,,4.0,124.0,,0.0,,0.0,0.0,
cloudflare.com,Cloudflare,Development Tools,cloudflare.com,Cloudflare,company-logos/cloudflare.com/logo_200x200.jpeg,company-logos/cloudflare.com/logo_200x200.jpeg,,,90453.0,29167.0,319128240.0,,,6448164.0,44209746.0,369905770.0,119620.0,369786150.0,2026-Q3,,0.003091142331648661,2.473419910903105,,0.05012930177043963,,-2.4976430039721156,1.8932838044072742,,-0.22543184834678703,,6.0,6807.0,,189.0,,0.0,760.0,,15.0,,0.0,0.0,,9.0
signifad.com,signifad.com,,,,,,5348629.0,298206340.0,,,,10931132.0,2559261457.0,,,2873747558.0,303554969.0,2570192589.0,2026-Q3,0.04279221673519979,,,0.017833822215369412,,5.0982329198139595,,,-0.21389831612149396,,87.0,,,96.0,,11.0,,,20.0,,2.0,,,0.0,
pubx.ai,pubx.ai,,,,,,222520.0,331411511.0,,,,895866.0,1883526146.0,,,2216056043.0,331634031.0,1884422012.0,2026-Q3,0.0383654356936274,,,0.020991894899341078,,-12.504426781041577,,,-19.579294175943275,,78.0,,,113.0,,1.0,,,2.0,,7.0,,,0.0,
adtopia.com,adtopia.com,,,,,,578075.0,37223122.0,,,,15538928.0,189319684.0,,,242659809.0,37801197.0,204858612.0,2026-Q3,0.022625769768036673,,,0.031394957858306566,,-11.542936965448623,,,-16.55906965965265,,46.0,,,169.0,,3.0,,,10.0,,6.0,,,1.0,
adlive.io,adlive.io,,,,,,352637.0,31478122.0,,,,56418520.0,205573078.0,,,293822357.0,31830759.0,261991598.0,2026-Q3,0.042300352175025084,,,0.020063049992290586,,-12.866277786909885,,,-12.941717408452963,,86.0,,,108.0,,3.0,,,10.0,,10.0,,,0.0,
minute-ly.com,minute-ly.com,,,,,,1603028.0,53423421.0,,,,5704439.0,420909611.0,,,481640499.0,55026449.0,426614050.0,2026-Q3,0.036889842013103274,,,0.016533439345498727,,-14.856022354118286,,,-18.246948668876666,,75.0,,,89.0,,1.0,,,3.0,,9.0,,,0.0,
xad.com,xad.com,,,,,,10420157.0,644597592.0,,,136301.0,10617311.0,6635295019.0,,,7301066380.0,655017749.0,6646048631.0,2026-Q3,0.0334467900918803,,0.0021664716842150875,0.018019591196779507,,-13.41394417417005,,-9.5064777503358,-11.922516569258601,,68.0,,2.0,97.0,,2.0,,0.0,11.0,,8.0,,0.0,1.0,
maple-team.com,maple-team.com,,,,,,545042.0,37164287.0,,,,8001101.0,199063351.0,,,244773781.0,37709329.0,207064452.0,2026-Q3,0.021642040647687252,,,0.03028034396984598,,-13.626164899233359,,,-16.385942393135366,,44.0,,,163.0,,2.0,,,10.0,,6.0,,,1.0,
adverge.ai,adverge.ai,,,,,,698594.0,136599267.0,,,,23304955.0,696010073.0,,,856612889.0,137297861.0,719315028.0,2026-Q3,0.03590611289275385,,,0.01690497730831892,,12.762264602491175,,,-1.523875678409864,,73.0,,,91.0,,15.0,,,18.0,,3.0,,,0.0,
hispanicexchange.com,hispanicexchange.com,,,,,,429406.0,44086487.0,,,,6203595.0,221890537.0,,,272610025.0,44515893.0,228094132.0,2026-Q3,0.037873571133452695,,,0.011517676847426078,,-5.773998071890916,,,-19.707631295349135,,77.0,,,62.0,,6.0,,,4.0,,6.0,,,3.0,
admedia.com,admedia.com,,,,,,20799.0,176220443.0,,,,8314.0,1094295985.0,20.0,,1270545561.0,176241242.0,1094304319.0,2026-Q3,0.03443051921222972,,,0.016161901382678527,,-5.773998071890918,,,-21.00266950026287,,70.0,,,87.0,,0.0,,,0.0,,0.0,,,0.0,
improvedigital.,improvedigital.,,,,,,3975638.0,38255806.0,,,,10396462.0,256917627.0,,,309545533.0,42231444.0,267314089.0,2026-Q3,0.03246306097153088,,,0.01597613240126843,,-1.2870455991238312,,,-9.416394360301432,,66.0,,,86.0,,6.0,,,12.0,,3.0,,,1.0,
carambo.la,carambo.la,,,,,,1229485.0,423062646.0,,,,2906267.0,3252046809.0,,,3679245207.0,424292131.0,3254953076.0,2026-Q3,0.03934916481397682,,,0.008173835182044313,,500.0,,,286.2091713320482,,80.0,,,44.0,,71.0,,,35.0,,0.0,,,0.0,
mediago.io,mediago.io,,,,,,5491171.0,206259911.0,,,992355.0,18130179.0,1556908780.0,,,1787782396.0,211751082.0,1576031314.0,2026-Q3,0.025576957129084935,,0.07257680142120543,0.020063049992290586,,-7.5518471648741095,,-9.506477750335797,-21.002669500262876,,52.0,,67.0,108.0,,2.0,,0.0,0.0,,3.0,,0.0,0.0,
growintech.co,growintech.co,,,,,,2904585.0,589286277.0,,,,15603415.0,5954423182.0,,,6562217459.0,592190862.0,5970026597.0,2026-Q3,0.02803627992995849,,,0.01597613240126843,,-0.5392201869959707,,,-8.19229158138658,,57.0,,,86.0,,6.0,,,13.0,,3.0,,,1.0,
jwplayer.com,jwplayer.com,,,,,,476388.0,44284610.0,,,54934.0,668110.0,224724584.0,,,270208626.0,44760998.0,225447628.0,2026-Q3,0.030495602730832037,,0.00866588673686035,0.013003828698706862,,-0.9828454314786109,,20.658029666218926,-19.857780652440596,,62.0,,8.0,70.0,,4.0,,2.0,1.0,,1.0,,0.0,0.0,
openbid.biz,openbid.biz,,,,,,833804.0,152698229.0,,,,1686121.0,794216801.0,,,949434955.0,153532033.0,795902922.0,2026-Q3,0.042300352175025084,,,0.0014861518512807842,,,,,,,86.0,,,8.0,,86.0,,,8.0,,0.0,,,0.0,
mobitech.io,mobitech.io,,,,,,29182.0,47537033.0,,,,28067101.0,237437486.0,17.0,,313070819.0,47566215.0,265504604.0,2026-Q3,0.020658311527337832,,,0.021363432862161275,,-5.773998071890929,,,-3.3543297077683936,,42.0,,,115.0,,3.0,,,21.0,,3.0,,,0.0,
dmixer.co.kr,dmixer.co.kr,,,,,,160321.0,155528842.0,,,,2111933.0,918946613.0,,,1076747709.0,155689163.0,921058546.0,2026-Q3,0.030003738170657327,,,0.012632290735886667,,-8.765299720402329,,,5.329773999649512,,61.0,,,68.0,,1.0,,,17.0,,3.0,,,0.0,
pulsa.tv,pulsa.tv,,,,,,12415669.0,,,,,225326966.0,,,,237742635.0,12415669.0,225326966.0,2026-Q3,0.01672339504594015,,,0.02433573656472284,,-2.918664680130032,,,-5.921360950313061,,34.0,,,131.0,,2.0,,,21.0,,1.0,,,0.0,
adsinteractive.com,adsinteractive.com,,,,,,15637.0,469480012.0,,,,72120.0,3739034053.0,,,4208601822.0,469495649.0,3739106173.0,2026-Q3,0.024593228008735514,,,0.015790363419858334,,-31.720288457891982,,,-21.00266950026286,,50.0,,,85.0,,0.0,,,0.0,,19.0,,,0.0,
samsung.com,Samsung Electronics Co.,Publishers,samsung.com,Samsung Electronics Co.,company-logos/samsung.com/logo_200x200.jpeg,company-logos/samsung.com/logo_200x200.jpeg,879236.0,,72018.0,,26808793.0,187525569.0,58.0,256371390.0,,471657064.0,951254.0,470705810.0,2026-Q3,0.01925666000638597,,0.012354381808536152,0.018798870082435835,,-3.3712625144468147,,-9.483078130564007,-14.231940804647017,,117.0,,34.0,303.0,,3.0,,0.0,24.0,,0.0,,0.0,0.0,
audioboost.com,audioboost.com,,,,,,41738.0,388224876.0,,,,191170.0,2455987198.0,,,2844444982.0,388266614.0,2456178368.0,2026-Q3,0.025085092568910224,,,0.010588831940375586,,9.216502234853708,,,-8.105146153367022,,51.0,,,57.0,,7.0,,,8.0,,0.0,,,0.0,
ascenderpublishing.com,ascenderpublishing.com,,,,,,141569.0,246992108.0,,,,9549278.0,1388725393.0,,,1645408348.0,247133677.0,1398274671.0,2026-Q3,0.012296614004367757,,,0.021363432862161275,,7.075002191033048,,,-8.235424166972004,,25.0,,,115.0,,6.0,,,19.0,,3.0,,,3.0,
mobirtb.com,mobirtb.com,,,,,,118784.0,114839852.0,,,,53947217.0,596600697.0,,,765506550.0,114958636.0,650547914.0,2026-Q3,0.012788478564542467,,,0.019505743048060294,,-12.50442678104157,,,-16.214952500278784,,26.0,,,105.0,,1.0,,,16.0,,3.0,,,10.0,
minute.ly,minute.ly,,,,,,17197.0,44445126.0,,,,227236.0,319433194.0,,,364122753.0,44462323.0,319660430.0,2026-Q3,0.024593228008735514,,,0.009102680089094803,,-3.8510184407050256,,,-9.979786174718146,,50.0,,,49.0,,4.0,,,6.0,,3.0,,,0.0,
groupm.com,groupm.com,,,,,,3136654.0,49485657.0,,,,8961103.0,333840021.0,,,395423435.0,52622311.0,342801124.0,2026-Q3,0.01770712416628957,,,0.013561135642937155,,-8.320646772650644,,,-18.777392584777317,,36.0,,,73.0,,1.0,,,2.0,,2.0,,,0.0,
danoler.com,danoler.com,,,,,,271.0,217905493.0,,,,1781266.0,1752350389.0,,,1972037419.0,217905764.0,1754131655.0,2026-Q3,0.01721525960611486,,,0.01504728749421794,,,,,,,35.0,,,81.0,,35.0,,,81.0,,0.0,,,0.0,
appnexus.,appnexus.,,,,,,93850.0,7649809.0,,,,246326.0,229947606.0,,,237937591.0,7743659.0,230193932.0,2026-Q3,0.022133905207861963,,,0.007430759256403921,,-5.77399807189092,,,-21.002669500262865,,45.0,,,40.0,,1.0,,,0.0,,1.0,,,0.0,
ordient.com,ordient.com,,,,,,628073.0,59227105.0,,,,1146174.0,332048888.0,,,393050240.0,59855178.0,333195062.0,2026-Q3,0.022133905207861963,,,0.007802297219224118,,-5.77399807189092,,,-19.075905341732692,,45.0,,,42.0,,0.0,,,1.0,,0.0,,,0.0,
yellowhead.com,yellowhead.com,,,,,,4173859.0,459990185.0,,,,1435723.0,3943047347.0,,,4408647114.0,464164044.0,3944483070.0,2026-Q3,0.021150176087512542,,,0.008359604163454411,,1.2929520727172539,,,-15.360003035995929,,43.0,,,45.0,,4.0,,,3.0,,1.0,,,0.0,
ad-volt.com,ad-volt.com,,,,,,540908.0,28924267.0,,,,7966236.0,184861641.0,,,222293052.0,29465175.0,192827877.0,2026-Q3,0.01869085328663899,,,0.007430759256403921,,-12.668583578825737,,,1.9320393544995353,,38.0,,,40.0,,2.0,,,10.0,,5.0,,,1.0,
trafficsteer.com,trafficsteer.com,,,,,,45699.0,60894082.0,,,,203308827.0,370205600.0,,,634454208.0,60939781.0,573514427.0,2026-Q3,0.009345426643319495,,,0.019691512029470393,,-5.773998071890923,,,-3.750378931354745,,19.0,,,106.0,,1.0,,,19.0,,1.0,,,0.0,
groundtruth.com,groundtruth.com,,,,,,36500.0,477344254.0,,,125809.0,1556472.0,4775930329.0,,,5254993364.0,477380754.0,4777612610.0,2026-Q3,0.01869085328663899,,0.0032497075263226314,0.009845756014735196,,-14.747903017425127,,-9.5064777503358,-21.002669500262844,,38.0,,3.0,53.0,,0.0,,0.0,0.0,,4.0,,0.0,0.0,
medialinkstarx.com,medialinkstarx.com,,,,,,84833.0,51399452.0,,,,46255178.0,464472430.0,,,562211893.0,51484285.0,510727608.0,2026-Q3,0.001475593680524131,,,0.026193426378823822,,-5.773998071890923,,,-14.972338927763843,,3.0,,,141.0,,0.0,,,13.0,,0.0,,,3.0,
zedo.com,zedo.com,,,,,,116517.0,61605225.0,,,,1124806.0,331988707.0,,,394835255.0,61721742.0,333113513.0,2026-Q3,0.01869085328663899,,,0.009659987033325098,,-3.2273493711312344,,,-19.45370223556214,,38.0,,,52.0,,1.0,,,1.0,,0.0,,,0.0,
vimay.exchange,vimay.exchange,,,,,,80499.0,159488961.0,,,,203227786.0,979008708.0,,,1341805954.0,159569460.0,1182236494.0,2026-Q3,0.008361697522970075,,,0.01894843610383,,-5.773998071890916,,,-2.9189432412868865,,17.0,,,102.0,,1.0,,,19.0,,1.0,,,0.0,
adelion.com,adelion.com,,,,,,45682.0,136721490.0,,,,204159737.0,737925969.0,,,1078852878.0,136767172.0,942085706.0,2026-Q3,0.008361697522970075,,,0.0187626671224199,,-5.773998071890916,,,-2.698409994226218,,17.0,,,101.0,,1.0,,,19.0,,1.0,,,0.0,
rinconpx.net,rinconpx.net,,,,,,315959.0,62305496.0,,,,6726584.0,252504930.0,,,321852969.0,62621455.0,259231514.0,2026-Q3,0.01869085328663899,,,0.008359604163454411,,-5.773998071890923,,,-21.002669500262865,,38.0,,,45.0,,0.0,,,0.0,,0.0,,,0.0,
maticway.com,maticway.com,,,,,,176104.0,328597029.0,151.0,,,22256720.0,1893344734.0,2156.0,,2244376894.0,328773284.0,1915603610.0,2026-Q3,0.013280343124717178,,,0.012074983791656372,,-2.149921074655965,,,-17.180218024469127,,27.0,,,65.0,,3.0,,,4.0,,2.0,,,1.0,
eplanning.net,eplanning.net,,,,,,45682.0,198465681.0,,,,203140564.0,1760273642.0,,,2161925569.0,198511363.0,1963414206.0,2026-Q3,0.007869832962795364,,,0.018205360178189606,,-5.77399807189093,,,-2.0033115319716686,,16.0,,,98.0,,1.0,,,19.0,,1.0,,,0.0,
poly-gamma.com,poly-gamma.com,,,,,,133853.0,,,,,397939741.0,,,,398073594.0,133853.0,397939741.0,2026-Q3,0.05804001810061581,,,0.011146138884605881,,500.0,,,69.27999392800814,,118.0,,,60.0,,105.0,,,32.0,,2.0,,,0.0,
adintouch.com,adintouch.com,,,,,,29835.0,44529505.0,,,,1505143.0,436930152.0,,,482994635.0,44559340.0,438435295.0,2026-Q3,0.01377220768489189,,,0.007802297219224118,,-12.055731533764853,,,-17.052802975276,,28.0,,,42.0,,1.0,,,2.0,,3.0,,,0.0,
pubgalaxy.com,pubgalaxy.com,,,,,,203085.0,356405694.0,,,,1445985.0,2383229415.0,,,2741284179.0,356608779.0,2384675400.0,2026-Q3,0.011804749444193048,,,0.008731142126274608,,-22.01986047328903,,,-21.00266950026286,,24.0,,,47.0,,0.0,,,0.0,,5.0,,,0.0,
zoomd.com,zoomd.com,,,,,,348953.0,548433072.0,,,29687.0,1480986.0,4911710374.0,,,5462003072.0,548782025.0,4913221047.0,2026-Q3,0.012788478564542467,,0.0010832358421075437,0.005944607405123137,,-18.337464995638804,,-9.5064777503358,-21.002669500262865,,26.0,,1.0,32.0,,0.0,,0.0,0.0,,4.0,,0.0,0.0,
audiobranch.co,audiobranch.co,,,,,,0.0,333065067.0,,,,157093.0,2853846542.0,,,3187068702.0,333065067.0,2854003635.0,2026-Q3,0.005902374722096524,,,0.012074983791656372,,41.33900289216362,,,-18.494817738366446,,12.0,,,65.0,,4.0,,,2.0,,0.0,,,0.0,
adprime.com,adprime.com,,,,,,31717.0,406559483.0,,,160011.0,1055157.0,2882467446.0,,,3290273814.0,406591200.0,2883682614.0,2026-Q3,0.008853562083144785,,0.0010832358421075437,0.008916911107684706,,-5.773998071890937,,-9.5064777503358,-15.736180800280378,,18.0,,1.0,48.0,,0.0,,0.0,3.0,,0.0,,0.0,0.0,
thenexapp.com,thenexapp.com,,,,,,22584.0,307259160.0,,,,1567622.0,1733742674.0,623.0,,2042592663.0,307281744.0,1735310919.0,2026-Q3,0.007377968402620654,,,0.008916911107684706,,17.782502410136328,,,8.339196113925233,,15.0,,,48.0,,3.0,,,13.0,,0.0,,,0.0,
example.com,example.com,,,,,,18950.0,7082.0,4021.0,,12154461.0,233430486.0,1372199.0,531.0,,246987730.0,30053.0,246957677.0,2026-Q3,0.009837291203494206,,0.1094068200528619,0.004644224535252451,,276.9040077124363,,-1.7220887396120113,146.86665781167855,,20.0,,101.0,25.0,,16.0,,8.0,18.0,,1.0,,0.0,1.0,
azurebid.com,azurebid.com,,,,,,1663785.0,188789968.0,33.0,,,3081750.0,1040955214.0,1995.0,,1234492745.0,190453786.0,1044038959.0,2026-Q3,0.012296614004367757,,,0.0035296106467918626,,-5.773998071890927,,,-21.002669500262858,,25.0,,,19.0,,0.0,,,0.0,,0.0,,,0.0,
apptv.com,apptv.com,,,,,,1348066.0,160524065.0,,,,92868655.0,2176103173.0,,,2430843959.0,161872131.0,2268971828.0,2026-Q3,0.005902374722096524,,,0.008173835182044313,,2.7920021033917406,,,2.2318394702480506,,12.0,,,44.0,,1.0,,,13.0,,0.0,,,3.0,
cuedart.com,cuedart.com,,,,,,1918.0,248274020.0,,,,1659135.0,1406032935.0,,,1655968008.0,248275938.0,1407692070.0,2026-Q3,0.008853562083144785,,,0.003901148609612059,,-10.733261331265085,,,-27.872002587196533,,18.0,,,21.0,,0.0,,,0.0,,1.0,,,2.0,
visoon.de,visoon.de,,,,,,2078135.0,318254730.0,,,,10857132.0,2271453509.0,,,2602643506.0,320332865.0,2282310641.0,2026-Q3,0.007377968402620654,,,0.0050157624980726465,,-11.663123192397748,,,-14.682883060283897,,15.0,,,27.0,,0.0,,,2.0,,1.0,,,0.0,
netsvision.com,netsvision.com,,,,,,0.0,118908221.0,,,,1889697.0,1525511780.0,,,1646309698.0,118908221.0,1527401477.0,2026-Q3,0.001967458240698841,,,0.010217293977555393,,-5.77399807189093,,,-18.021638160650117,,4.0,,,55.0,,0.0,,,2.0,,0.0,,,0.0,
dynadmic.com,dynadmic.com,,,,,,145718.0,249785582.0,,,,2887981.0,2168984507.0,,,2421803788.0,249931300.0,2171872488.0,2026-Q3,0.007377968402620654,,,0.004086917591022156,,-5.773998071890927,,,-17.240891857418244,,15.0,,,22.0,,0.0,,,1.0,,0.0,,,0.0,
dyntrk.com,dyntrk.com,,,,,,145718.0,225338302.0,,,,2887981.0,1924726037.0,,,2153098038.0,225484020.0,1927614018.0,2026-Q3,0.007377968402620654,,,0.004086917591022156,,-5.773998071890927,,,-17.240891857418244,,15.0,,,22.0,,0.0,,,1.0,,0.0,,,0.0,
com.com,com.com,,,,,,3996.0,96007195.0,0.0,,,50987.0,575396361.0,4734.0,,671463273.0,96011191.0,575452082.0,2026-Q3,0.007869832962795364,,,0.003343841665381764,,0.5077353899830116,,,-21.002669500262876,,16.0,,,18.0,,1.0,,,0.0,,0.0,,,0.0,
flower-ads.com,flower-ads.com,,,,,,58620.0,199305022.0,,,,2421477.0,1088995037.0,,,1290780156.0,199363642.0,1091416514.0,2026-Q3,0.008853562083144785,,,0.002043458795511078,,-5.773998071890937,,,-21.00266950026286,,18.0,,,11.0,,0.0,,,0.0,,0.0,,,0.0,
anzu.,anzu.,,,,,,11717.0,8138722.0,,,,180970734.0,89802849.0,,,278924022.0,8150439.0,270773583.0,2026-Q3,0.005410510161921813,,,0.0035296106467918626,,,,,,,11.0,,,19.0,,11.0,,,19.0,,0.0,,,0.0,
logan.ai,logan.ai,,,,,,449.0,501414014.0,,,,76516.0,4865881881.0,,,5367372860.0,501414463.0,4865958397.0,2026-Q3,0.007869832962795364,,,0.0026007657397413724,,0.5077353899830116,,,-21.00266950026287,,16.0,,,14.0,,1.0,,,0.0,,0.0,,,0.0,
app.tv,app.tv,,,,,,255583.0,170712517.0,,,,75787969.0,2247459534.0,,,2494215603.0,170968100.0,2323247503.0,2026-Q3,0.0024593228008735514,,,0.006687683330763528,,17.782502410136335,,,9.38091915348219,,5.0,,,36.0,,1.0,,,13.0,,0.0,,,3.0,
adro.io,adro.io,,,,,,255583.0,164068011.0,,,,75787969.0,2184357739.0,,,2424469302.0,164323594.0,2260145708.0,2026-Q3,0.0024593228008735514,,,0.006687683330763528,,17.782502410136335,,,9.38091915348219,,5.0,,,36.0,,1.0,,,13.0,,0.0,,,3.0,
readserver.net,readserver.net,,,,,,255583.0,164066378.0,,,,75787969.0,2182638778.0,,,2422748708.0,164321961.0,2258426747.0,2026-Q3,0.0024593228008735514,,,0.006687683330763528,,17.782502410136335,,,9.38091915348219,,5.0,,,36.0,,1.0,,,13.0,,0.0,,,3.0,
conso.la,conso.la,,,,,,255583.0,164068011.0,,,,75787969.0,2184357732.0,,,2424469295.0,164323594.0,2260145701.0,2026-Q3,0.0024593228008735514,,,0.006687683330763528,,17.782502410136335,,,9.38091915348219,,5.0,,,36.0,,1.0,,,13.0,,0.0,,,3.0,
apkpure.com,apkpure.com,,,,,,2952.0,12824679.0,33.0,,,17016335.0,240765951.0,0.0,,270609950.0,12827664.0,257782286.0,2026-Q3,0.006394239282271234,,,0.0027865347211514704,,2.0781687554514847,,,-21.002669500262865,,13.0,,,15.0,,1.0,,,1.0,,0.0,,,1.0,
youappi.com,YouAppi,Ad Networks,affle.com,Affle,company-logos/youappi.com/logo_200x200.jpeg,company-logos/affle.com/logo_200x200.jpeg,2514533.0,300.0,,,468938720.0,29410716.0,495031.0,,,501359300.0,2514833.0,498844467.0,2026-Q3,0.005919421869797383,,2.7644603588356613,0.0031626406561177096,,-5.830137256594615,,8.956422920138047,-16.083481155777726,,24.0,,5080.0,34.0,,2.0,,860.0,2.0,,2.0,,0.0,0.0,
afront.io,afront.io,,,,,,137802.0,337108498.0,,,,22009894.0,2034151031.0,,,2393407225.0,337246300.0,2056160925.0,2026-Q3,0.005902374722096524,,,0.0024149967583312745,,-5.773998071890923,,,-21.00266950026285,,12.0,,,13.0,,0.0,,,0.0,,0.0,,,0.0,
fliwe.com,fliwe.com,,,,,,236.0,179836946.0,,,,3374.0,1013030998.0,,,1192871554.0,179837182.0,1013034372.0,2026-Q3,0.006886103842445945,,,0.0014861518512807842,,-5.77399807189091,,,-9.717336571729,,14.0,,,8.0,,0.0,,,1.0,,0.0,,,0.0,
wppmedia.com,wppmedia.com,,,,,,527615.0,143811954.0,,,,6043648.0,744474535.0,,,894857752.0,144339569.0,750518183.0,2026-Q3,0.0034430519212229724,,,0.0031580726839716667,,-26.71310961147072,,,-21.00266950026286,,7.0,,,17.0,,1.0,,,0.0,,3.0,,,0.0,
dentsu.com,dentsu.com,,,,,,1598035.0,17300446.0,0.0,,,5597599.0,489833348.0,,,514329428.0,18898481.0,495430947.0,2026-Q3,0.0044267810415723925,,,0.0022292277769211766,,-5.773998071890937,,,-13.82109400028674,,9.0,,,12.0,,0.0,,,1.0,,0.0,,,0.0,
novicue.com,novicue.com,,,,,,8567.0,91374035.0,,,,3790.0,486761991.0,,,578148383.0,91382602.0,486765781.0,2026-Q3,0.0044267810415723925,,,0.0027865347211514704,,6.004252169122703,,,-8.849234038764834,,9.0,,,15.0,,1.0,,,2.0,,0.0,,,0.0,
alkimi.org,alkimi.org,,,,,,1561353.0,340052587.0,,,,5593145.0,2006775985.0,,,2353983070.0,341613940.0,2012369130.0,2026-Q3,0.003934916481397682,,,0.0024149967583312745,,-16.243553841680832,,,-14.419558625284761,,8.0,,,13.0,,0.0,,,1.0,,1.0,,,0.0,
octopus-x.com,octopus-x.com,,,,,,1120134.0,353506238.0,,,,3660101.0,2951163084.0,12805.0,,3309462362.0,354626372.0,2954835990.0,2026-Q3,0.0024593228008735514,,,0.003343841665381764,,-21.47833172657578,,,-16.35576770616069,,5.0,,,18.0,,0.0,,,1.0,,1.0,,,0.0,
adtarget.me,adtarget.me,,,,,,1092483.0,164350565.0,,,,17081008.0,2192965742.0,,,2375489798.0,165443048.0,2210046750.0,2026-Q3,0.0034430519212229724,,,0.0024149967583312745,,-5.77399807189091,,,14.107255166286972,,7.0,,,13.0,,0.0,,,4.0,,0.0,,,0.0,
trustarc.com,TrustArc,Business Tools,trustarc.com,TrustArc,company-logos/trustarc.com/logo_200x200.jpeg,company-logos/trustarc.com/logo_200x200.jpeg,,,0.0,,496531093.0,,,,146133.0,496677226.0,0.0,496677226.0,2026-Q3,,,1.2517895685413836,,0.004774219216232345,,,3.357903825060313,,15.928545852397056,,,3445.0,,18.0,,,428.0,,3.0,,,0.0,,0.0
hyperaudience.com,hyperaudience.com,,,,,,102601.0,55367443.0,,,,961664.0,468987933.0,,,525419641.0,55470044.0,469949597.0,2026-Q3,0.0010440102521806765,,,0.003901148609612059,,-6.026549180712943,,,-12.687161026606308,,2.0,,,21.0,,0.0,,,3.0,,0.0,,,1.0,
spotify.com,Spotify Technology S.A.,Publishers,spotify.com,Spotify Technology S.A.,company-logos/spotify.com/logo_200x200.jpeg,company-logos/spotify.com/logo_200x200.jpeg,63427967.0,,63388766.0,,38023464.0,40437119.0,58.0,40654915.0,,245932289.0,126816733.0,119115556.0,2026-Q3,0.003456323590889789,,0.016351387687768434,0.001675146839028936,,9.842923808363853,,-9.483078130564031,136.92364866835135,,21.0,,45.0,27.0,,3.0,,0.0,18.0,,0.0,,0.0,0.0,
prismamedia.com,prismamedia.com,,,,,,667.0,194116686.0,0.0,,329.0,1305770.0,1215387187.0,,,1410810639.0,194117353.0,1216693286.0,2026-Q3,0.0024593228008735514,,0.0021664716842150875,0.0024149967583312745,,-5.773998071890927,,-9.5064777503358,-21.00266950026285,,5.0,,2.0,13.0,,0.0,,0.0,0.0,,0.0,,0.0,0.0,
flatads.com,flatads.com,,,,,,265098.0,148615822.0,,,,1378122.0,1868104068.0,,,2018363110.0,148880920.0,1869482190.0,2026-Q3,0.0034430519212229724,,,0.0007430759256403921,,9.93033558279392,,,-21.002669500262865,,7.0,,,4.0,,1.0,,,0.0,,0.0,,,0.0,
namaglobal.net,namaglobal.net,,,,,,63983.0,42022916.0,,,,718753.0,201063887.0,9324.0,,243878863.0,42086899.0,201791964.0,2026-Q3,0.002951187361048262,,,0.0009288449070504901,,465.35601156865454,,,294.98665249868566,,6.0,,,5.0,,5.0,,,4.0,,0.0,,,0.0,
digitalbloom.it,digitalbloom.it,,,,,,0.0,246286972.0,,,,19053466.0,2351193337.0,,,2616533775.0,246286972.0,2370246803.0,2026-Q3,0.001967458240698841,,,0.0014861518512807842,,-5.77399807189093,,,-21.002669500262865,,4.0,,,8.0,,0.0,,,0.0,,0.0,,,0.0,
adx-blitz.com,adx-blitz.com,,,,,,151.0,54731670.0,,,,2156.0,271638724.0,,,326372701.0,54731821.0,271640880.0,2026-Q3,0.002951187361048262,,,0.00037153796282019604,,-5.773998071890923,,,-21.002669500262865,,6.0,,,2.0,,0.0,,,0.0,,0.0,,,0.0,
velonium.com,velonium.com,,,,,,151.0,236272416.0,,,,2156.0,1583117521.0,23.0,,1819392267.0,236272567.0,1583119700.0,2026-Q3,0.002951187361048262,,,0.00037153796282019604,,-5.773998071890923,,,-21.002669500262865,,6.0,,,2.0,,0.0,,,0.0,,0.0,,,0.0,
radiancemedia.net,radiancemedia.net,,,,,,151.0,202310602.0,0.0,,,2156.0,1181223304.0,,,1383536213.0,202310753.0,1181225460.0,2026-Q3,0.002951187361048262,,,0.00037153796282019604,,-5.773998071890923,,,-21.002669500262865,,6.0,,,2.0,,0.0,,,0.0,,0.0,,,0.0,
bid9.ad,bid9.ad,,,,,,0.0,313808623.0,,,,1624567.0,1699959515.0,,,2015392705.0,313808623.0,1701584082.0,2026-Q3,0.001967458240698841,,,0.0013003828698706862,,-5.77399807189093,,,38.245328374539994,,4.0,,,7.0,,0.0,,,3.0,,0.0,,,0.0,
kolorowey.com,kolorowey.com,,,,,,0.0,313808623.0,,,,1624567.0,1700176007.0,,,2015609197.0,313808623.0,1701800574.0,2026-Q3,0.001967458240698841,,,0.0013003828698706862,,-5.77399807189093,,,38.245328374539994,,4.0,,,7.0,,0.0,,,3.0,,0.0,,,0.0,
adne.tv,adne.tv,,,,,,170750.0,164068011.0,,,,29546187.0,2184358753.0,,,2378143701.0,164238761.0,2213904940.0,2026-Q3,0.001475593680524131,,,0.001671920832690882,,41.33900289216362,,,-21.002669500262876,,3.0,,,9.0,,1.0,,,0.0,,0.0,,,0.0,
rtbsape.com,rtbsape.com,,,,,,38783.0,172423307.0,,,,185113.0,2469459293.0,,,2642106496.0,172462090.0,2469644406.0,2026-Q3,0.0009837291203494206,,,0.0018576898141009802,,-5.77399807189093,,,-21.002669500262865,,2.0,,,10.0,,0.0,,,0.0,,0.0,,,0.0,
adsphere360.com,adsphere360.com,,,,,,2533.0,315439531.0,,,,199843.0,1967127432.0,,,2282769339.0,315442064.0,1967327275.0,2026-Q3,0.001967458240698841,,,0.0007430759256403921,,-5.77399807189093,,,-21.002669500262865,,4.0,,,4.0,,0.0,,,0.0,,0.0,,,0.0,
oppo.com,oppo.com,,,,,,,,19301.0,,87707.0,328924452.0,,34927.0,,329066387.0,19301.0,329047086.0,2026-Q3,,,0.0021664716842150875,0.0024149967583312745,,,,-9.5064777503358,-14.419558625284761,,,,2.0,13.0,,,,0.0,1.0,,,,0.0,0.0,
remerge.io,Remerge,Ad Networks,remerge.io,Remerge,company-logos/remerge.io/logo_200x200.jpeg,company-logos/remerge.io/logo_200x200.jpeg,,,,152266.0,506420704.0,58.0,58.0,,,506573086.0,152266.0,506420820.0,2026-Q3,,0.0020756792660398117,2.1344011395100395,0.000558382279676312,,,-30.286236170786886,9.515221227820163,,,,3.0,5874.0,9.0,,,0.0,1019.0,9.0,,,0.0,0.0,0.0,
4wmarketplace.com,4wmarketplace.com,,,,,,0.0,204557901.0,,,,1351.0,1282749516.0,,,1487308768.0,204557901.0,1282750867.0,2026-Q3,0.001475593680524131,,,0.0005573069442302941,,-29.33049855391819,,,-21.00266950026285,,3.0,,,3.0,,0.0,,,0.0,,1.0,,,0.0,
blitz.gg,blitz.gg,,,,,,118883.0,315541225.0,,,,316249.0,1709363296.0,,,2025339653.0,315660108.0,1709679545.0,2026-Q3,0.001475593680524131,,,0.00037153796282019604,,41.33900289216362,,,57.99466099947427,,3.0,,,2.0,,1.0,,,1.0,,0.0,,,0.0,
ylhglobal.com,ylhglobal.com,,,,,,233.0,431490716.0,0.0,,,1676456.0,4047115217.0,,,4480282622.0,431490949.0,4048791673.0,2026-Q3,0.0004918645601747103,,,0.0011146138884605883,,-5.77399807189093,,,-21.00266950026285,,1.0,,,6.0,,0.0,,,0.0,,0.0,,,0.0,
cazhype.com,cazhype.com,,,,,,26950.0,333840107.0,,,,3189169.0,2611716812.0,,,2948773038.0,333867057.0,2614905981.0,2026-Q3,0.0009837291203494206,,,0.0005573069442302941,,-37.18266538126063,,,-21.00266950026285,,2.0,,,3.0,,0.0,,,0.0,,1.0,,,0.0,
unruly.co,unruly.co,,,,,,467.0,102253124.0,,,,11918856.0,815257861.0,,,929430308.0,102253591.0,827176717.0,2026-Q3,0.0004918645601747103,,,0.0009288449070504901,,-5.77399807189093,,,-21.002669500262865,,1.0,,,5.0,,0.0,,,0.0,,0.0,,,0.0,
bidline.net,bidline.net,,,,,,595484.0,283629866.0,,,,1257142.0,1764812787.0,,,2050295279.0,284225350.0,1766069929.0,2026-Q3,0.0009837291203494206,,,0.00037153796282019604,,88.45200385621814,,,57.99466099947427,,2.0,,,2.0,,1.0,,,1.0,,0.0,,,0.0,
onairglobal.com,onairglobal.com,,,,,,,571471152.0,,,,13550.0,5947442428.0,,,6518927130.0,571471152.0,5947455978.0,2026-Q3,,,,0.0011146138884605883,,,,,-21.00266950026285,,,,,6.0,,,,,0.0,,,,,0.0,
vistarsagency.com,vistarsagency.com,,,,,,0.0,94514000.0,,,167401.0,3.0,702154496.0,,,796835900.0,94514000.0,702321900.0,2026-Q3,0.0004918645601747103,,0.0075826508947528055,0.00037153796282019604,,,,5.575775957941554,,,1.0,,7.0,2.0,,1.0,,1.0,2.0,,0.0,,0.0,0.0,
ompventures.com,ompventures.com,,,,,,1950.0,115339743.0,,,,9589.0,627859056.0,,,743210338.0,115341693.0,627868645.0,2026-Q3,0.0004918645601747103,,,0.00037153796282019604,,,,,,,1.0,,,2.0,,1.0,,,2.0,,0.0,,,0.0,
emittenteeditoriale.it,emittenteeditoriale.it,,,,,,,246286972.0,,,,19051687.0,2351568087.0,,,2616906746.0,246286972.0,2370619774.0,2026-Q3,,,,0.0007430759256403921,,,,,-21.002669500262865,,,,,4.0,,,,,0.0,,,,,0.0,
gingerad.com,gingerad.com,,,,,,,25496683.0,,,,8829.0,228169354.0,,,253674866.0,25496683.0,228178183.0,2026-Q3,,,,0.0007430759256403921,,,,,-21.002669500262865,,,,,4.0,,,,,0.0,,,,,0.0,
explorads.com,explorads.com,,,,,,39983.0,54364444.0,,,,3688185.0,379104045.0,,,437196657.0,54404427.0,382792230.0,2026-Q3,0.0004918645601747103,,,0.00018576898141009802,,-5.77399807189093,,,-21.002669500262865,,1.0,,,1.0,,0.0,,,0.0,,0.0,,,0.0,
similarrate.com,similarrate.com,,,,,,39983.0,36946047.0,,,,3688185.0,279627745.0,,,320301960.0,36986030.0,283315930.0,2026-Q3,0.0004918645601747103,,,0.00018576898141009802,,-5.77399807189093,,,-21.002669500262865,,1.0,,,1.0,,0.0,,,0.0,,0.0,,,0.0,
munimob.com,munimob.com,,,,,,750.0,176685512.0,,,7704.0,7552040.0,1434640671.0,,,1618886677.0,176686262.0,1442200415.0,2026-Q3,0.0004918645601747103,,0.0010832358421075437,0.00018576898141009802,,-5.77399807189093,,-9.5064777503358,-21.002669500262865,,1.0,,1.0,1.0,,0.0,,0.0,0.0,,0.0,,0.0,0.0,
lumate.com,lumate.com,,,,,,38783.0,164067928.0,,,,182236.0,2182488618.0,,,2346777565.0,164106711.0,2182670854.0,2026-Q3,0.0004918645601747103,,,0.00018576898141009802,,-5.77399807189093,,,-21.002669500262865,,1.0,,,1.0,,0.0,,,0.0,,0.0,,,0.0,
mediaocean.com,Mediaocean,Ad Networks,mediaocean.com,Mediaocean,company-logos/mediaocean.com/logo_200x200.jpeg,company-logos/mediaocean.com/logo_200x200.jpeg,,,,,229243571.0,,,,,229243571.0,,229243571.0,2026-Q3,,,0.6457433429930559,,,,,34.14609010373185,,,,,1181.0,,,,,384.0,,,,,0.0,,
eliteappgrade.,eliteappgrade.,,,,,,,52549169.0,,,,,561947700.0,,,614496869.0,52549169.0,561947700.0,,,,,,,,,,,,,,,,,,,,,,,,,,
volitionads.com,volitionads.com,,,,,,,176779595.0,,,,,1050245525.0,,,1227025120.0,176779595.0,1050245525.0,,,,,,,,,,,,,,,,,,,,,,,,,,
volcera.io,volcera.io,,,,,,,144301513.0,,,,,791758206.0,19601.0,,936079320.0,144301513.0,791777807.0,,,,,,,,,,,,,,,,,,,,,,,,,,
fastly-edge.com,fastly-edge.com,,,,,,,,,,475647173.0,,,,,475647173.0,,475647173.0,2026-Q3,,,2.492525672689458,,,,,14.59856615106073,,,,,2301.0,,,,,484.0,,,,,0.0,,
xe.works,xe.works,,,,,,,332575138.0,,,306736.0,,2826540991.0,,,3159422865.0,332575138.0,2826847727.0,2026-Q3,,,0.0010832358421075437,,,,,-9.5064777503358,,,,,1.0,,,,,0.0,,,,,0.0,,
wrgames.com,wrgames.com,,,,,,,168769336.0,,,,,938675964.0,,,1107445300.0,168769336.0,938675964.0,,,,,,,,,,,,,,,,,,,,,,,,,,
wiinex.com,wiinex.com,,,,,,,26863193.0,,,,,369412679.0,,,396275872.0,26863193.0,369412679.0,,,,,,,,,,,,,,,,,,,,,,,,,,
wizio.io,wizio.io,,,,,,,53932282.0,,,,,235952421.0,,,289884703.0,53932282.0,235952421.0,,,,,,,,,,,,,,,,,,,,,,,,,,
bigabid.com,Bigabid,Ad Networks,bigabid.com,Bigabid,company-logos/bigabid.com/logo_200x200.jpeg,company-logos/bigabid.com/logo_200x200.jpeg,,,,,296192634.0,,,,,296192634.0,,296192634.0,2026-Q3,,,1.619552736617639,,,,,2.9746956591049227,,,,,2962.0,,,,,358.0,,,,,0.0,,
youtube.com,youtube.com,,,,,,,,,,572202118.0,,,,,572202118.0,,572202118.0,2026-Q3,,,0.4137960916850817,,,,,11.872250807028234,,,,,382.0,,,,,73.0,,,,,0.0,,
videobeet.tv,videobeet.tv,,,,,,,208707797.0,,,,,1305212183.0,,,1513919980.0,208707797.0,1305212183.0,,,,,,,,,,,,,,,,,,,,,,,,,,
emodoinc.com,emodoinc.com,,,,,,,168259829.0,,,,,1401232947.0,,,1569492776.0,168259829.0,1401232947.0,,,,,,,,,,,,,,,,,,,,,,,,,,
toucanads.io,toucanads.io,,,,,,,61032578.0,,,,,419788802.0,,,480821380.0,61032578.0,419788802.0,,,,,,,,,,,,,,,,,,,,,,,,,,
motorola.com,Motorola Mobility LLC,Publishers,motorola.com,Motorola Mobility LLC,company-logos/motorola.com/logo_100x100.jpeg,company-logos/motorola.com/logo_100x100.jpeg,,,67.0,,,,,416463177.0,,416463244.0,67.0,416463177.0,,,,,,,,,,,,,,,,,,,,,,,,,,
aluna.co,aluna.co,,,,,,,200522545.0,,,,,1806697074.0,,,2007219619.0,200522545.0,1806697074.0,,,,,,,,,,,,,,,,,,,,,,,,,,
penx.com,penx.com,,,,,,,67021688.0,,,,,331244999.0,,,398266687.0,67021688.0,331244999.0,,,,,,,,,,,,,,,,,,,,,,,,,,
otonal.com,otonal.com,,,,,,,47350381.0,,,,,272561722.0,,,319912103.0,47350381.0,272561722.0,,,,,,,,,,,,,,,,,,,,,,,,,,
hicmobile.com,hicmobile.com,,,,,,,103546990.0,,,,,505458298.0,,,609005288.0,103546990.0,505458298.0,,,,,,,,,,,,,,,,,,,,,,,,,,
comappnexus.com,comappnexus.com,,,,,,,43348994.0,,,,,335021537.0,,,378370531.0,43348994.0,335021537.0,,,,,,,,,,,,,,,,,,,,,,,,,,
beapup.,beapup.,,,,,,,17824799.0,,,,,369419275.0,,,387244074.0,17824799.0,369419275.0,,,,,,,,,,,,,,,,,,,,,,,,,,
hitapps.com,hitapps.com,,,,,,,60744664.0,,,,,524750047.0,,,585494711.0,60744664.0,524750047.0,,,,,,,,,,,,,,,,,,,,,,,,,,
rubiconproject.co,rubiconproject.co,,,,,,,125145073.0,,,,,559790715.0,,,684935788.0,125145073.0,559790715.0,,,,,,,,,,,,,,,,,,,,,,,,,,
ronetag.com,ronetag.com,,,,,,,78595786.0,,,,,503853547.0,,,582449333.0,78595786.0,503853547.0,,,,,,,,,,,,,,,,,,,,,,,,,,
dlgd.net,dlgd.net,,,,,,,150048070.0,,,,,744013613.0,,,894061683.0,150048070.0,744013613.0,,,,,,,,,,,,,,,,,,,,,,,,,,
decibelnetwork.com,decibelnetwork.com,,,,,,,46854555.0,,,,,241445774.0,,,288300329.0,46854555.0,241445774.0,,,,,,,,,,,,,,,,,,,,,,,,,,
showcaesad.com,showcaesad.com,,,,,,,237692339.0,,,,,1291236913.0,,,1528929252.0,237692339.0,1291236913.0,,,,,,,,,,,,,,,,,,,,,,,,,,
shopli.net,shopli.net,,,,,,,25083260.0,,,,,367397536.0,,,392480796.0,25083260.0,367397536.0,,,,,,,,,,,,,,,,,,,,,,,,,,
adsparc.,adsparc.,,,,,,,52188492.0,,,,,243074427.0,,,295262919.0,52188492.0,243074427.0,,,,,,,,,,,,,,,,,,,,,,,,,,
shinka.com,shinka.com,,,,,,,216732187.0,,,,,1196323470.0,,,1413055657.0,216732187.0,1196323470.0,,,,,,,,,,,,,,,,,,,,,,,,,,
adxchange.mobi,adxchange.mobi,,,,,,,44011794.0,,,,,213048127.0,,,257059921.0,44011794.0,213048127.0,,,,,,,,,,,,,,,,,,,,,,,,,,
e-planning.ne,e-planning.ne,,,,,,,48378345.0,,,,,177752484.0,,,226130829.0,48378345.0,177752484.0,,,,,,,,,,,,,,,,,,,,,,,,,,
rierra-ads.com,rierra-ads.com,,,,,,,121668310.0,,,,,556326123.0,,,677994433.0,121668310.0,556326123.0,,,,,,,,,,,,,,,,,,,,,,,,,,
waydro.id,waydro.id,,,,,,,,,,686996035.0,,,,,686996035.0,,686996035.0,2026-Q3,,,0.37479960136921014,,,,,12.224941571268152,,,,,346.0,,,,,67.0,,,,,0.0,,
doubleverify.com,DoubleVerify,Business Tools,doubleverify.com,DoubleVerify,company-logos/doubleverify.com/logo_200x200.jpeg,company-logos/doubleverify.com/logo_200x200.jpeg,,,,,352045250.0,,,,,352045250.0,,352045250.0,2026-Q3,,,1.7277966323408647,,,,,9.102145371145287,,,,,4755.0,,,,,810.0,,,,,0.0,,
lineageos.org,lineageos.org,,,,,,,,,,392219803.0,,,,,392219803.0,,392219803.0,2026-Q3,,,0.2935569132111443,,,,,-1.1139333481492142,,,,,271.0,,,,,23.0,,,,,0.0,,
trustedstack.,trustedstack.,,,,,,,23222025.0,,,,,379997140.0,,,403219165.0,23222025.0,379997140.0,,,,,,,,,,,,,,,,,,,,,,,,,,
posumeads.com,posumeads.com,,,,,,,50471631.0,,,,,244423956.0,,,294895587.0,50471631.0,244423956.0,,,,,,,,,,,,,,,,,,,,,,,,,,
pocketmath.com,pocketmath.com,,,,,,,45763225.0,,,,,289534230.0,,,335297455.0,45763225.0,289534230.0,,,,,,,,,,,,,,,,,,,,,,,,,,
aidentity.ai,aidentity.ai,,,,,,,292376843.0,,,,,2075701328.0,,,2368078171.0,292376843.0,2075701328.0,,,,,,,,,,,,,,,,,,,,,,,,,,
agon.mobi,agon.mobi,,,,,,,182353089.0,,,,,1161355841.0,,,1343708930.0,182353089.0,1161355841.0,,,,,,,,,,,,,,,,,,,,,,,,,,
racemaxpro.,racemaxpro.,,,,,,,58464676.0,,,,,274792050.0,,,333256726.0,58464676.0,274792050.0,,,,,,,,,,,,,,,,,,,,,,,,,,
pubmatic.,pubmatic.,,,,,,,54520394.0,,,,,260961530.0,,,315481924.0,54520394.0,260961530.0,,,,,,,,,,,,,,,,,,,,,,,,,,
lemmatechnologies.,lemmatechnologies.,,,,,,,231104535.0,,,,,1230876971.0,,,1461981506.0,231104535.0,1230876971.0,,,,,,,,,,,,,,,,,,,,,,,,,,
kwcdn.com,kwcdn.com,,,,,,,,,,251421611.0,,,,,251421611.0,,251421611.0,2026-Q3,,,1.5750249144243684,,,,,-0.5460458420168287,,,,,1454.0,,,,,131.0,,,,,0.0,,
android.com,android.com,,,,,,,,183.0,,1890169.0,,,964071069.0,,965961421.0,183.0,965961238.0,2026-Q3,,,0.016248537631613155,,,,,-9.506477750335801,,,,,15.0,,,,,0.0,,,,,0.0,,
amplift.ai,amplift.ai,,,,,,,153990589.0,,,,,835277470.0,,,989268059.0,153990589.0,835277470.0,,,,,,,,,,,,,,,,,,,,,,,,,,
adbility-media.com,adbility-media.com,,,,,,,363598918.0,,,,,2492475915.0,,,2856074833.0,363598918.0,2492475915.0,,,,,,,,,,,,,,,,,,,,,,,,,,
mediafushion.tech,mediafushion.tech,,,,,,,89913218.0,,,,,529316369.0,,,619229587.0,89913218.0,529316369.0,,,,,,,,,,,,,,,,,,,,,,,,,,
ionvogroup.com,ionvogroup.com,,,,,,,109069390.0,,,,,703640827.0,,,812710217.0,109069390.0,703640827.0,,,,,,,,,,,,,,,,,,,,,,,,,,
jquery.com,jQuery,Development Tools,jquery.com,jQuery,company-logos/jquery.com/logo_200x200.png,company-logos/jquery.com/logo_200x200.png,,,,,885760512.0,,,,,885760512.0,,885760512.0,2026-Q3,,,4.628532808150985,,,,,-8.665672467294392,,,,,12738.0,,,,,114.0,,,,,0.0,,
keenkale.,keenkale.,,,,,,,87810329.0,,,,,770088786.0,,,857899115.0,87810329.0,770088786.0,,,,,,,,,,,,,,,,,,,,,,,,,,
smartify-media.com,smartify-media.com,,,,,,,344937129.0,,,,,2227226413.0,,,2572163542.0,344937129.0,2227226413.0,,,,,,,,,,,,,,,,,,,,,,,,,,
meazy.co,meazy.co,,,,,,,323321242.0,,,,,2808083946.0,,,3131405188.0,323321242.0,2808083946.0,,,,,,,,,,,,,,,,,,,,,,,,,,
interscroller.com,interscroller.com,,,,,,,48939517.0,,,,,189410176.0,,,238349693.0,48939517.0,189410176.0,,,,,,,,,,,,,,,,,,,,,,,,,,
antipodesdigital.live,antipodesdigital.live,,,,,,,230072368.0,,,,,1369984438.0,,,1600056806.0,230072368.0,1369984438.0,,,,,,,,,,,,,,,,,,,,,,,,,,
applinear.com,applinear.com,,,,,,,78504887.0,,,,,439450198.0,3.0,,517955088.0,78504887.0,439450201.0,,,,,,,,,,,,,,,,,,,,,,,,,,
omprovedigital.com,omprovedigital.com,,,,,,,48253002.0,,,,,195811187.0,,,244064189.0,48253002.0,195811187.0,,,,,,,,,,,,,,,,,,,,,,,,,,
arkway.co,arkway.co,,,,,,,120503307.0,,,,,616266200.0,,,736769507.0,120503307.0,616266200.0,,,,,,,,,,,,,,,,,,,,,,,,,,
magna-mediagroup.digital,magna-mediagroup.digital,,,,,,,205528529.0,,,,,1181294881.0,,,1386823410.0,205528529.0,1181294881.0,,,,,,,,,,,,,,,,,,,,,,,,,,
max-mobi.com,max-mobi.com,,,,,,,472821223.0,,,,,4669464293.0,,,5142285516.0,472821223.0,4669464293.0,,,,,,,,,,,,,,,,,,,,,,,,,,
admazing.co,admazing.co,,,,,,,327463148.0,0.0,,,,2178096735.0,,,2505559883.0,327463148.0,2178096735.0,,,,,,,,,,,,,,,,,,,,,,,,,,
adisontv.com,adisontv.com,,,,,,,125453521.0,,,,,714136685.0,,,839590206.0,125453521.0,714136685.0,,,,,,,,,,,,,,,,,,,,,,,,,,
aceinmobi.com,aceinmobi.com,,,,,,,152540090.0,,,,,1171399095.0,,,1323939185.0,152540090.0,1171399095.0,,,,,,,,,,,,,,,,,,,,,,,,,,
buzzifly123.com,buzzifly123.com,,,,,,,131302780.0,,,,,738998833.0,,,870301613.0,131302780.0,738998833.0,,,,,,,,,,,,,,,,,,,,,,,,,,
bidplay.ai,bidplay.ai,,,,,,,89452716.0,,,,,441223575.0,,,530676291.0,89452716.0,441223575.0,,,,,,,,,,,,,,,,,,,,,,,,,,
nativiser.com,nativiser.com,,,,,,,36019797.0,,,,,275999496.0,,,312019293.0,36019797.0,275999496.0,,,,,,,,,,,,,,,,,,,,,,,,,,
bksn.se,bksn.se,,,,,,,231568997.0,,,,,1640663544.0,,,1872232541.0,231568997.0,1640663544.0,,,,,,,,,,,,,,,,,,,,,,,,,,
strongmetrics.io,strongmetrics.io,,,,,,,355225026.0,,,,,2129406682.0,,,2484631708.0,355225026.0,2129406682.0,2026-Q3,0.0004918645601747103,,,0.00018576898141009802,,,,,,,1.0,,,1.0,,1.0,,,1.0,,0.0,,,0.0,
geofy.ai,geofy.ai,,,,,,,139464176.0,,,,,1049099207.0,,,1188563383.0,139464176.0,1049099207.0,,,,,,,,,,,,,,,,,,,,,,,,,,
openai.com,OpenAI,Publishers,openai.com,OpenAI,company-logos/openai.com/logo_200x200.jpeg,company-logos/openai.com/logo_200x200.jpeg,,,83375058.0,,150718003.0,,,75345606.0,,309438667.0,83375058.0,226063609.0,2026-Q3,,,0.004723734220910881,,,,,-9.483078130564024,,,,,13.0,,,,,0.0,,,,,0.0,,
surgemedia.space,surgemedia.space,,,,,,,98204207.0,,,,,549297105.0,,,647501312.0,98204207.0,549297105.0,,,,,,,,,,,,,,,,,,,,,,,,,,
thegrowthy.com,thegrowthy.com,,,,,,,202977830.0,,,,,1850697857.0,,,2053675687.0,202977830.0,1850697857.0,,,,,,,,,,,,,,,,,,,,,,,,,,
stuffwelike.com,stuffwelike.com,,,,,,,295230718.0,,,,,1585087130.0,,,1880317848.0,295230718.0,1585087130.0,,,,,,,,,,,,,,,,,,,,,,,,,,
gravitas-digital.com,gravitas-digital.com,,,,,,,85291680.0,,,,,495037464.0,,,580329144.0,85291680.0,495037464.0,,,,,,,,,,,,,,,,,,,,,,,,,,
greyalpha.agency,greyalpha.agency,,,,,,,106500158.0,,,,,479201989.0,,,585702147.0,106500158.0,479201989.0,,,,,,,,,,,,,,,,,,,,,,,,,,
52media.info,52media.info,,,,,,,36087125.0,,,,,210786514.0,,,246873639.0,36087125.0,210786514.0,,,,,,,,,,,,,,,,,,,,,,,,,,
